ramsarid,yearchngpt,magnitude_mean,count_2001,count_2002,count_2003,count_2004,count_2005,count_2006,count_2007,count_2008,count_2009,count_2010,count_2011,count_2012,count_2013,count_2014,count_2015,count_2016,count_2017,count_2018,count_2019,count_2020,,,,,,
1,2011,0.048964581,33,45,77,55,68,55,46,14,16,26,1,23,1,9,5,8,89,27,118,56,,,,,,
9,2012,0.048854059,119,90,102,75,84,78,100,77,79,105,138,129,115,152,169,179,171,198,197,209,,,,,,
10,2013,-0.056763252,8,45,NA,3,14,NA,1,NA,22,26,14,9,40,21,21,7,31,52,30,NA,,,,,,
13,2015,-0.06273549,59,97,105,92,42,70,88,134,156,161,162,159,156,162,159,157,160,159,156,150,,,,,,
14,2004,-0.188248759,245,247,243,258,264,260,258,260,260,253,258,257,268,261,251,266,244,259,254,256,,,,,,
15,2004,0.056962383,186,206,208,202,213,213,215,206,205,208,213,217,210,205,211,208,215,211,214,221,,,,,,
16,2009,0.027805436,185,196,209,213,203,206,211,207,211,204,207,202,208,202,208,204,203,193,208,205,,,,,,
17,2011,-0.067721714,254,261,268,256,262,256,270,261,263,265,264,269,268,267,259,267,262,261,267,263,,,,,,
18,2015,-0.048540665,234,234,242,236,238,235,232,240,242,242,237,237,254,243,242,246,240,236,241,247,,,,,,
19,2004,0.044012626,205,218,207,210,204,200,195,203,200,196,206,212,199,217,215,209,210,219,202,198,,,,,,
20,2006,0.034348495,100,120,154,161,152,177,173,164,160,157,151,158,152,151,169,173,156,159,150,148,,,,,,
21,2007,0.146236819,198,190,213,217,218,210,228,228,228,230,233,239,239,230,237,214,223,212,220,219,,,,,,
22,2011,-0.039448714,202,211,214,212,224,216,213,215,206,213,209,209,213,218,211,212,214,217,207,209,,,,,,
23,2013,0.050198442,169,174,183,190,194,195,185,199,189,184,179,190,189,190,186,193,183,180,190,189,,,,,,
24,2014,0.028401756,187,183,188,192,199,192,198,206,197,202,196,213,209,206,205,201,206,203,197,196,,,,,,
25,2007,-0.042023491,209,202,209,209,198,200,201,212,208,199,200,210,209,212,206,200,205,197,210,201,,,,,,
26,2004,0.081833655,107,94,92,97,116,113,117,119,116,112,123,116,109,122,118,113,106,108,123,107,,,,,,
27,2013,-0.097348163,88,78,81,90,112,117,104,117,100,108,93,112,121,117,102,122,115,101,99,117,,,,,,
28,2010,0.034916934,106,84,114,130,124,112,124,131,118,120,112,137,137,130,117,111,121,112,129,133,,,,,,
30,2012,0.091034174,NA,NA,2,5,12,1,41,48,9,36,56,31,33,40,65,59,41,52,54,43,,,,,,
31,2012,0.096666476,NA,2,2,NA,7,33,43,24,6,44,57,54,6,17,9,12,5,21,11,38,,,,,,
32,2006,-0.067912661,55,32,66,73,72,82,35,90,NA,26,36,8,16,15,22,20,38,39,44,46,,,,,,
33,2006,-0.070077417,7,NA,29,47,3,2,NA,65,47,48,28,18,10,3,NA,28,6,1,11,19,,,,,,
34,2016,-0.104362066,NA,NA,NA,22,54,12,33,1,1,1,1,20,21,4,2,83,6,96,124,78,,,,,,
35,2005,0.041399044,55,NA,30,26,14,80,151,31,14,1,149,94,102,46,25,100,106,155,58,87,,,,,,
36,2014,0.143965868,NA,NA,NA,2,8,1,NA,NA,26,51,49,52,35,96,105,122,149,134,173,172,,,,,,
54,2012,0.04378377,40,67,55,52,90,118,128,51,94,118,130,172,112,162,133,164,188,195,200,144,,,,,,
55,2009,0.039840851,40,93,28,41,96,52,63,25,72,73,80,121,65,112,76,146,221,219,209,184,,,,,,
56,2012,0.043596044,12,41,NA,39,53,39,48,39,66,54,79,81,63,73,94,52,150,119,145,164,,,,,,
57,2014,-0.123685775,3,20,11,34,2,5,NA,10,102,82,25,25,52,38,85,1,80,96,149,137,,,,,,
58,2015,0.127842437,NA,64,19,51,80,87,75,158,114,107,152,159,170,193,181,191,207,209,219,140,,,,,,
59,2012,0.034213013,1,27,4,1,3,87,72,49,49,21,1,46,45,122,84,146,174,150,183,174,,,,,,
60,2008,0.033928194,1,26,4,8,1,NA,1,17,NA,26,NA,14,26,79,20,47,57,81,48,26,,,,,,
61,2008,0.023957106,NA,3,3,2,44,23,11,75,32,66,71,22,41,NA,82,83,119,133,149,138,,,,,,
62,2008,0.046863626,NA,35,57,116,102,85,120,69,120,92,103,6,75,125,103,113,164,147,164,150,,,,,,
63,2015,0.046209614,1,40,37,46,84,40,65,NA,NA,NA,59,62,32,40,14,59,95,102,153,134,,,,,,
65,2015,0.06689626,NA,2,84,27,32,5,9,87,19,30,8,74,46,45,57,80,96,99,116,110,,,,,,
66,2005,-0.092489259,31,4,6,68,8,28,22,27,77,58,21,37,9,37,61,10,74,56,68,49,,,,,,
67,2012,-0.079376429,136,131,148,151,118,142,127,123,149,174,154,174,186,183,188,193,194,190,186,185,,,,,,
68,2013,0.040035444,124,174,154,168,160,168,174,174,177,180,172,182,168,175,153,155,154,145,149,168,,,,,,
70,2013,0.07459133,21,37,43,91,71,49,76,70,42,37,99,95,89,43,82,104,156,177,166,172,,,,,,
71,2004,0.042183702,14,34,38,38,21,27,10,17,8,NA,20,6,NA,24,34,15,7,60,85,72,,,,,,
72,2010,-0.124841764,41,58,18,51,34,60,48,39,59,62,30,28,79,52,69,71,76,70,88,86,,,,,,
74,2009,0.054373985,9,5,41,51,27,78,27,49,85,68,56,73,57,79,72,55,77,91,81,95,,,,,,
75,2009,0.066405956,189,202,205,217,187,195,200,203,186,196,197,191,183,187,186,198,197,185,200,204,,,,,,
76,2013,0.063721038,238,271,274,263,281,267,275,275,262,271,274,264,260,260,226,236,229,229,235,239,,,,,,
77,2004,0.067012706,98,88,105,99,100,105,124,115,128,128,118,126,119,123,120,137,133,135,140,134,,,,,,
80,2007,-0.049231281,1,NA,4,1,NA,1,2,89,109,103,99,116,106,110,68,95,96,100,119,92,,,,,,
81,2012,-0.049437033,4,3,3,50,6,1,75,92,63,68,61,64,54,71,55,54,133,77,144,138,,,,,,
82,2005,-0.068255842,43,20,30,92,45,20,116,121,130,124,124,132,151,126,130,141,146,144,161,167,,,,,,
83,2012,0.094191525,3,9,7,7,8,2,NA,25,61,48,47,36,5,20,59,51,80,77,77,95,,,,,,
84,2006,0.042496058,139,143,134,129,131,118,140,154,157,161,157,164,154,160,153,128,137,127,141,142,,,,,,
85,2010,0.054469054,10,9,NA,NA,NA,25,3,51,73,67,114,121,127,126,131,135,137,147,150,152,,,,,,
86,2012,0.038278471,NA,3,NA,NA,NA,NA,5,NA,9,4,69,66,53,25,73,54,73,70,66,43,,,,,,
87,2009,0.033319245,18,2,NA,49,NA,2,8,59,81,62,82,166,137,107,128,113,96,127,131,175,,,,,,
89,2006,0.046034084,16,12,63,66,17,64,47,120,124,131,110,91,128,147,141,112,132,114,137,165,,,,,,
90,2007,-0.031860862,29,37,NA,33,25,18,19,115,85,110,127,116,122,109,44,75,91,120,112,136,,,,,,
91,2015,0.037692782,NA,NA,NA,2,5,NA,NA,1,2,15,1,3,65,87,112,115,124,137,159,158,,,,,,
92,2013,0.048798442,11,23,10,67,35,12,27,46,77,137,159,180,203,176,164,119,152,141,138,145,,,,,,
93,2006,-0.026496006,1,3,40,51,4,23,NA,10,80,85,121,149,171,150,161,149,175,161,158,160,,,,,,
94,2011,0.036101934,10,5,28,17,NA,21,19,6,24,69,75,94,52,51,53,68,88,60,98,93,,,,,,
95,2015,0.068483841,12,46,46,67,14,7,54,34,53,55,119,123,134,124,137,135,121,120,149,159,,,,,,
102,2012,0.012483499,4,NA,3,NA,NA,1,11,18,21,25,31,34,40,32,42,49,48,45,49,59,,,,,,
103,2009,-0.038319247,NA,NA,37,NA,16,3,5,21,45,34,27,11,25,16,45,12,39,35,52,50,,,,,,
104,2014,-0.085229652,NA,2,154,78,115,104,116,71,111,93,55,129,125,140,128,158,173,161,203,182,,,,,,
107,2016,-0.123600342,NA,NA,54,72,65,51,78,101,111,96,3,105,43,NA,60,31,83,105,118,NA,,,,,,
110,2012,-0.061989928,49,1,NA,1,15,1,3,11,4,39,53,12,8,11,15,52,50,58,62,65,,,,,,
117,2008,0.027020473,3,30,57,41,2,8,9,51,34,70,52,16,71,74,24,49,77,89,110,94,,,,,,
124,2011,0.033913047,55,30,38,64,14,53,1,93,4,39,14,34,55,40,53,61,70,110,80,79,,,,,,
126,2012,0.041466401,NA,NA,NA,NA,1,62,3,35,40,NA,NA,5,43,31,4,40,69,79,83,66,,,,,,
129,2011,0.028399592,NA,NA,1,21,NA,NA,3,NA,43,3,6,9,12,29,68,66,33,43,19,74,,,,,,
133,2008,0.027025517,2,21,5,3,NA,33,27,3,54,4,NA,21,8,52,26,28,39,44,46,69,,,,,,
134,2008,0.02293805,NA,NA,4,26,2,18,6,6,33,6,2,10,9,38,21,49,19,31,15,24,,,,,,
135,2015,0.017462483,10,NA,61,16,15,18,19,40,22,64,76,65,52,15,18,60,73,100,102,136,,,,,,
136,2010,0.030480572,NA,NA,4,21,20,NA,14,NA,NA,1,12,20,NA,36,4,43,45,50,41,32,,,,,,
138,2008,0.034043022,4,3,52,90,128,110,149,56,158,172,133,127,131,183,133,183,178,186,197,175,,,,,,
140,2012,-0.261878712,95,100,103,112,110,83,94,99,81,105,130,181,196,190,180,178,186,171,180,174,,,,,,
141,2005,0.048331128,175,163,156,174,172,178,177,176,174,170,180,180,180,173,185,191,200,181,188,188,,,,,,
142,2009,-0.046670168,133,126,151,148,152,132,139,167,157,162,168,168,175,164,168,159,160,173,164,159,,,,,,
143,2014,-0.053326983,102,85,83,122,98,125,133,134,134,124,146,150,156,156,145,173,155,158,172,173,,,,,,
144,2014,0.042755524,135,137,156,145,156,147,150,158,162,154,165,152,148,161,168,181,179,190,177,208,,,,,,
145,2015,0.030680799,136,153,172,186,190,177,182,184,186,193,187,193,212,202,202,194,200,194,197,207,,,,,,
146,2013,0.043991565,102,109,143,134,124,133,141,153,144,135,157,154,157,163,164,169,168,160,166,169,,,,,,
147,2011,0.052121074,69,97,83,56,97,78,72,98,110,93,103,97,82,72,68,90,118,129,125,127,,,,,,
149,2015,-0.084036669,94,95,91,147,38,127,142,132,117,114,110,90,111,107,78,125,130,84,96,113,,,,,,
150,2009,0.036635158,152,144,147,160,163,170,177,175,176,169,176,184,180,186,185,192,194,193,195,199,,,,,,
151,2017,-0.067088162,5,2,36,13,2,11,2,15,10,3,68,9,75,81,16,51,14,27,37,30,,,,,,
152,2004,0.087843952,166,142,151,144,155,159,168,161,159,162,164,161,168,175,174,174,182,182,169,171,,,,,,
153,2015,0.140726121,131,144,149,147,142,137,121,143,133,131,128,126,115,120,129,117,127,129,118,125,,,,,,
154,2004,0.059826748,70,118,140,141,123,147,152,159,154,169,161,168,168,166,164,171,168,168,175,179,,,,,,
155,2013,-0.119862416,115,114,111,149,159,160,164,175,151,156,159,155,178,178,187,183,184,172,192,177,,,,,,
156,2011,0.09448683,77,102,127,143,151,150,154,159,149,148,174,169,178,172,165,177,183,175,182,186,,,,,,
157,2004,0.068387651,80,117,143,137,155,154,173,167,176,177,183,174,179,182,182,186,194,191,189,197,,,,,,
158,2004,0.091036692,131,156,165,174,188,181,168,179,186,188,186,189,202,201,204,204,202,201,196,203,,,,,,
159,2004,0.030379044,132,133,159,154,166,163,171,180,168,167,172,169,168,171,163,168,164,166,163,181,,,,,,
160,2004,0.074033462,79,95,109,98,139,128,144,136,140,143,141,146,148,143,137,156,146,159,147,158,,,,,,
161,2012,0.047181903,177,178,193,194,189,195,196,196,207,192,205,201,213,208,208,211,217,213,214,223,,,,,,
162,2004,0.053892985,9,56,47,24,97,122,141,140,140,138,120,115,121,127,126,133,136,139,117,110,,,,,,
163,2004,0.036106917,55,91,127,113,151,147,148,153,137,139,148,140,142,153,138,149,146,141,140,158,,,,,,
164,2006,-0.045512614,149,159,164,175,190,195,202,199,202,201,208,208,215,221,218,222,233,227,222,230,,,,,,
167,2015,0.047226181,36,40,36,35,47,34,41,41,45,45,63,62,58,66,64,67,71,71,69,63,,,,,,
170,2004,-0.194082679,68,41,27,48,31,55,45,79,60,87,87,88,92,87,77,95,105,106,120,97,,,,,,
173,2013,0.04706585,14,133,57,22,NA,60,46,29,129,160,181,161,175,146,167,172,155,155,176,144,,,,,,
174,2006,-0.037284514,NA,88,21,25,25,10,45,59,97,78,117,126,121,135,105,123,157,148,140,167,,,,,,
175,2014,0.046844108,NA,1,34,23,NA,NA,NA,27,40,9,NA,56,1,23,51,NA,29,26,24,12,,,,,,
176,2011,0.04505385,5,9,12,NA,NA,NA,18,77,112,114,119,107,115,126,105,110,86,123,129,88,,,,,,
178,2008,0.045020122,4,NA,29,NA,NA,NA,18,2,48,1,NA,12,54,21,23,50,25,35,35,NA,,,,,,
183,2004,0.045764967,NA,4,NA,5,NA,36,87,112,14,96,3,51,158,33,32,8,28,85,34,73,,,,,,
185,2013,0.045443358,39,23,76,53,38,NA,82,47,33,19,13,56,85,63,13,17,70,61,58,49,,,,,,
187,2008,-0.048527788,52,44,56,NA,34,136,78,4,58,80,42,120,127,103,136,136,17,138,123,90,,,,,,
188,2012,0.043891922,NA,NA,NA,13,NA,8,5,2,109,12,52,10,64,56,85,55,99,114,121,133,,,,,,
189,2011,0.043355005,186,114,112,160,153,150,184,157,133,180,165,178,164,171,192,198,209,206,190,194,,,,,,
192,2011,0.027166858,NA,NA,NA,NA,8,9,53,50,16,51,48,45,44,19,59,41,83,99,119,144,,,,,,
194,2005,-0.034178994,3,41,36,46,3,4,5,26,2,6,2,8,3,32,24,27,120,120,102,118,,,,,,
197,2013,0.045953667,NA,NA,NA,NA,35,4,7,13,6,15,14,17,24,66,42,83,212,210,218,225,,,,,,
198,2013,-0.090890458,11,18,7,4,1,14,24,10,36,26,40,17,54,69,72,76,79,76,85,82,,,,,,
199,2012,-0.068130274,3,6,21,3,NA,8,24,2,24,46,66,37,47,60,51,70,73,65,82,78,,,,,,
202,2004,0.083662598,21,21,42,17,36,44,54,60,57,55,66,65,66,67,68,83,66,69,71,72,,,,,,
204,2011,0.029793552,191,188,178,186,193,180,179,208,183,200,187,188,204,205,206,213,226,227,223,184,,,,,,
205,2015,-0.05962331,NA,19,4,2,8,4,6,4,8,19,3,20,13,48,2,28,33,46,55,NA,,,,,,
206,2010,0.052306589,48,61,72,88,17,54,94,72,88,68,43,100,121,88,73,135,114,128,102,63,,,,,,
207,2008,0.087290867,58,48,61,59,54,50,85,56,60,50,31,49,54,80,87,104,93,109,95,56,,,,,,
211,2016,-0.242445933,127,120,106,119,113,135,126,150,118,131,157,186,180,188,194,192,218,212,221,212,,,,,,
212,2011,-0.052609995,100,102,71,76,98,142,120,144,125,150,164,206,180,186,221,198,216,213,219,217,,,,,,
213,2006,0.080804215,42,NA,35,NA,28,84,54,50,116,19,77,65,42,15,90,91,94,88,103,105,,,,,,
214,2014,-0.109324026,175,188,180,186,192,186,191,179,189,180,179,191,186,184,188,189,206,215,204,205,,,,,,
220,2009,-0.100073989,80,79,32,80,81,97,114,100,96,75,52,86,81,83,112,87,135,137,138,152,,,,,,
222,2013,0.106559412,NA,NA,11,31,20,34,NA,NA,37,14,15,32,35,27,8,33,28,68,58,75,,,,,,
224,2013,0.096803047,4,NA,19,23,NA,45,40,NA,1,5,72,15,26,26,1,56,72,81,89,76,,,,,,
225,2011,0.059842314,64,14,72,84,2,79,16,25,40,19,76,70,109,71,88,124,109,156,111,140,,,,,,
229,2010,0.169898326,NA,NA,8,NA,NA,65,12,1,16,22,35,151,64,174,186,199,183,182,191,178,,,,,,
230,2010,0.065885126,252,202,231,236,235,248,228,243,233,216,240,246,259,268,264,264,273,263,272,284,,,,,,
231,2012,0.04470558,NA,44,NA,NA,NA,NA,NA,31,82,48,56,58,74,77,116,106,134,137,157,158,,,,,,
234,2016,-0.105649748,204,213,217,211,223,218,233,239,223,211,218,232,235,225,226,243,256,248,257,236,,,,,,
236,2016,-0.039136804,1,1,1,NA,NA,9,6,2,1,NA,8,8,16,2,21,19,31,32,42,38,,,,,,
237,2017,-0.153770021,75,104,57,70,106,110,105,124,111,96,121,156,143,141,174,198,200,209,216,191,,,,,,
238,2010,-0.068598234,114,140,114,106,158,102,67,64,119,98,27,56,101,185,137,200,216,212,208,224,,,,,,
239,2016,-0.081088074,107,109,122,158,153,150,142,131,137,120,123,121,84,88,112,113,168,184,166,185,,,,,,
240,2013,-0.151074986,NA,5,5,24,4,NA,2,6,10,19,6,3,30,5,43,39,45,34,7,5,,,,,,
243,2013,-0.094603295,163,176,184,189,187,180,182,191,163,192,180,195,195,198,205,211,216,220,212,213,,,,,,
250,2014,-0.006432576,91,1,41,40,9,14,31,1,NA,2,3,31,43,49,30,2,68,36,39,16,,,,,,
251,2014,-0.091849909,18,16,24,29,6,32,24,36,41,47,13,45,34,32,48,47,58,47,35,47,,,,,,
253,2006,-0.061943272,9,8,1,NA,10,5,NA,3,28,1,5,1,NA,53,40,44,16,53,54,50,,,,,,
254,2010,0.070272015,28,9,24,26,7,14,19,42,61,58,73,74,69,74,64,73,86,88,91,79,,,,,,
261,2009,0.035658348,40,48,73,51,33,45,66,52,50,46,88,61,100,73,73,97,107,108,114,98,,,,,,
262,2009,0.06477552,89,41,78,68,55,52,90,73,22,83,110,114,120,99,115,105,100,101,103,107,,,,,,
263,2009,0.062005487,81,75,59,65,76,73,75,108,6,56,51,78,59,102,83,67,105,112,115,94,,,,,,
264,2009,0.043691281,89,51,25,32,44,25,100,97,58,83,63,89,83,100,101,83,119,105,106,88,,,,,,
265,2009,0.066816335,86,99,113,123,118,103,127,64,52,91,146,133,119,131,129,131,167,173,158,147,,,,,,
266,2012,-0.118823049,179,170,175,184,196,208,204,203,218,209,214,222,216,209,196,207,209,205,211,198,,,,,,
267,2009,0.043422174,54,102,106,102,88,100,116,124,106,126,143,165,167,144,149,155,176,180,166,159,,,,,,
268,2005,0.098791355,30,27,29,45,17,25,16,NA,7,14,77,44,7,20,15,37,103,69,76,58,,,,,,
269,2006,-0.077903752,146,124,135,127,115,150,147,129,129,153,171,159,147,167,172,172,191,191,180,175,,,,,,
270,2013,-0.08081437,15,32,31,9,11,21,10,13,29,21,12,1,41,26,41,7,NA,48,20,45,,,,,,
271,2004,0.039392427,121,185,141,131,82,147,148,159,155,186,195,183,191,201,204,207,199,212,225,225,,,,,,
272,2004,0.033720799,43,140,97,108,35,105,10,17,46,91,65,97,59,72,125,125,120,106,145,142,,,,,,
274,2009,0.049118203,40,25,NA,13,14,59,73,29,71,84,111,94,121,141,143,127,121,112,108,120,,,,,,
275,2004,0.053360012,111,133,31,130,9,134,137,153,158,172,188,170,171,153,174,161,179,180,174,166,,,,,,
276,2009,-0.048391376,63,112,65,83,83,58,94,105,91,101,118,119,122,127,132,119,167,174,177,143,,,,,,
278,2012,0.048540557,NA,10,7,8,NA,NA,3,NA,23,NA,2,43,64,30,38,42,33,71,74,44,,,,,,
279,2004,0.059846641,53,32,75,12,76,98,114,150,139,143,150,131,125,136,137,127,182,190,184,191,,,,,,
282,2008,-0.039296684,74,1,NA,51,40,52,127,101,65,75,111,94,136,113,75,70,126,110,137,129,,,,,,
286,2015,-0.073991919,79,89,64,46,29,55,33,36,37,50,89,46,59,70,35,56,79,61,83,71,,,,,,
287,2009,-0.054449019,128,118,133,142,102,148,154,99,149,125,132,133,141,169,151,140,161,169,159,164,,,,,,
288,2016,-0.059297725,1,75,NA,NA,107,39,86,13,118,68,59,13,53,103,39,44,114,131,71,60,,,,,,
289,2013,0.050932369,92,50,25,127,85,78,119,133,144,140,141,165,166,165,153,174,262,271,278,287,,,,,,
290,2014,-0.056777207,37,25,90,115,63,106,100,147,138,98,145,139,106,154,132,178,176,172,224,204,,,,,,
292,2012,0.051546926,30,154,87,99,130,71,129,110,82,77,159,75,108,140,159,176,195,202,206,196,,,,,,
295,2010,0.046623435,NA,NA,NA,1,NA,1,6,23,9,5,19,51,19,41,10,36,75,72,98,77,,,,,,
296,2012,0.026932242,76,51,NA,24,4,14,2,22,18,9,NA,14,22,27,29,46,103,68,66,68,,,,,,
298,2013,0.036641517,130,138,148,166,171,164,166,172,167,174,168,172,185,173,158,173,192,186,163,164,,,,,,
299,2011,0.021616017,99,95,101,134,129,127,134,119,131,117,121,120,136,138,142,147,153,171,166,172,,,,,,
300,2008,-0.062742653,50,33,27,12,48,19,61,21,36,53,23,50,58,89,68,90,111,102,126,138,,,,,,
301,2014,-0.088027359,92,100,106,67,24,71,28,68,27,46,41,45,82,110,73,70,70,109,116,118,,,,,,
305,2005,-0.101650062,103,109,119,120,118,41,68,147,160,153,147,163,167,160,150,145,148,146,136,139,,,,,,
306,2007,0.041769284,156,143,132,137,140,142,127,162,152,155,160,164,168,167,157,163,179,173,176,173,,,,,,
307,2015,0.043426346,179,190,184,189,173,170,181,179,176,174,173,182,173,183,181,184,189,183,184,186,,,,,,
309,2008,0.050455823,192,187,198,209,205,209,208,235,226,233,240,229,245,242,235,235,224,233,245,242,,,,,,
310,2008,0.099661059,130,64,87,71,78,85,87,109,127,124,148,111,137,131,130,129,145,134,132,140,,,,,,
311,2005,0.133548744,85,33,85,101,85,84,84,126,145,140,157,149,145,149,133,144,146,142,141,140,,,,,,
312,2005,0.067792465,65,76,49,28,73,56,38,82,88,94,98,93,104,99,107,103,106,107,119,106,,,,,,
315,2015,0.048833593,4,NA,6,NA,1,4,4,16,3,NA,NA,NA,2,1,12,1,4,14,13,2,,,,,,
318,2009,0.04213605,NA,NA,2,14,27,43,24,38,11,12,19,39,42,33,55,39,63,54,74,49,,,,,,
320,2015,-0.048315927,30,23,28,27,27,14,21,3,27,32,26,29,32,87,99,118,99,93,95,84,,,,,,
321,2008,0.048521621,140,154,131,120,135,139,124,138,131,141,152,168,170,158,165,169,189,195,191,164,,,,,,
322,2009,0.0625321,62,37,67,81,90,41,30,22,57,54,97,86,91,104,50,86,116,118,108,73,,,,,,
323,2014,0.033095442,75,92,91,102,105,108,104,97,106,102,110,111,114,111,116,110,120,130,123,124,,,,,,
324,2013,0.048561282,5,1,19,6,2,1,1,42,3,39,44,31,60,17,51,68,62,73,85,95,,,,,,
325,2017,-0.23200484,50,59,105,103,142,142,197,189,94,107,113,101,100,104,104,138,132,133,150,149,,,,,,
327,2005,-0.096732879,20,20,19,14,17,17,19,21,26,53,74,28,26,34,60,34,58,66,81,83,,,,,,
328,2016,-0.116964883,22,11,15,18,31,30,52,68,47,89,62,31,74,54,91,79,149,85,138,149,,,,,,
329,2008,-0.032188158,57,74,46,60,58,81,95,111,149,168,170,178,176,184,184,192,184,184,141,142,,,,,,
330,2016,-0.10917193,57,31,18,14,21,35,60,58,60,60,73,88,65,69,69,75,87,127,137,142,,,,,,
331,2004,0.033851398,24,36,52,14,6,11,32,37,55,74,59,29,51,87,93,102,93,91,114,127,,,,,,
332,2011,0.053811901,64,87,64,71,106,84,53,151,140,115,105,126,164,209,222,249,259,256,248,265,,,,,,
337,2009,0.095210764,51,27,32,88,25,21,15,10,108,47,157,130,141,30,64,115,96,120,62,98,,,,,,
341,2015,0.044035736,76,62,67,83,85,77,72,98,73,87,95,87,123,124,133,125,95,109,107,117,,,,,,
342,2017,-0.140417169,NA,36,8,30,7,19,47,17,74,25,71,18,96,65,132,93,88,91,101,93,,,,,,
343,2009,0.034552445,124,149,79,126,80,131,133,118,142,123,119,145,117,149,151,192,215,184,180,147,,,,,,
345,2015,0.041578025,203,232,228,262,191,186,242,265,239,196,289,240,314,319,335,340,349,360,355,306,,,,,,
346,2012,0.040940551,219,176,221,204,196,226,229,203,217,213,251,218,247,228,229,251,263,273,258,267,,,,,,
347,2011,-0.013410453,18,2,34,29,35,57,52,194,176,164,65,107,120,112,135,170,179,186,185,171,,,,,,
348,2011,-0.045286866,179,196,181,193,203,208,222,225,216,224,233,237,250,268,263,275,276,272,274,280,,,,,,
350,2006,-0.08229669,40,56,52,53,63,69,52,72,68,77,80,88,100,104,113,139,130,138,133,130,,,,,,
354,2005,-0.083317712,4,62,79,93,7,21,97,90,18,78,127,129,124,120,144,136,221,205,209,213,,,,,,
355,2010,-0.031838786,NA,9,NA,76,NA,18,95,6,34,8,1,24,2,18,NA,4,40,12,43,18,,,,,,
356,2009,0.044922897,213,228,234,236,244,237,236,231,247,244,264,262,263,273,266,269,267,267,281,268,,,,,,
360,2015,-0.050261165,108,104,89,43,50,40,37,NA,24,72,NA,72,71,65,47,85,NA,1,84,11,,,,,,
361,2012,0.035104139,33,50,58,30,51,23,45,66,48,37,37,66,87,63,55,73,98,95,110,125,,,,,,
362,2008,0.131997849,20,9,17,24,46,62,32,35,70,39,33,43,46,58,78,92,111,81,99,92,,,,,,
363,2012,-0.039353933,20,3,7,1,3,3,14,12,9,8,7,30,13,49,27,44,59,70,79,17,,,,,,
366,2006,0.105278538,131,137,125,118,115,125,108,115,132,134,150,145,150,117,137,189,188,202,194,204,,,,,,
368,2017,-0.085368738,224,232,219,231,256,227,235,236,228,227,235,238,238,240,241,252,247,256,256,240,,,,,,
369,2014,0.084385977,9,19,7,8,14,23,10,6,26,14,17,25,23,66,60,80,103,81,122,89,,,,,,
370,2008,0.363632295,110,131,127,139,151,140,160,161,120,106,120,140,141,136,161,172,190,185,182,175,,,,,,
374,2017,-0.233698482,174,167,174,157,153,151,184,164,183,200,200,215,223,228,220,237,243,244,250,250,,,,,,
375,2009,-0.013910497,106,128,119,168,163,186,192,185,189,199,228,212,223,232,230,255,258,251,251,259,,,,,,
376,2009,0.038307652,67,39,54,66,38,49,83,80,96,60,96,101,100,92,80,73,101,81,112,68,,,,,,
377,2017,-0.06285453,80,55,55,17,74,42,29,38,82,53,89,50,86,79,99,63,59,72,85,79,,,,,,
378,2006,0.055662167,77,100,89,70,109,113,106,110,113,113,113,101,116,112,122,123,139,136,138,154,,,,,,
379,2015,-0.043553691,NA,17,4,4,4,5,8,9,14,28,25,69,67,84,87,132,140,141,133,131,,,,,,
380,2011,-0.101830093,225,156,57,155,176,152,185,239,142,149,226,219,181,215,210,197,251,252,204,252,,,,,,
394,2006,-0.035134821,1,82,NA,7,NA,98,71,95,84,1,193,113,21,113,81,111,114,227,64,63,,,,,,
395,2013,0.053482671,141,180,192,186,188,198,184,181,194,190,184,191,185,180,149,154,152,164,193,185,,,,,,
396,2005,0.075037532,98,130,113,117,93,111,104,110,84,133,99,124,137,123,131,134,145,146,154,154,,,,,,
398,2014,-0.036628235,124,144,135,139,141,65,157,149,140,159,170,156,161,176,182,181,198,176,188,152,,,,,,
399,2015,-0.048619703,15,16,15,18,7,NA,2,1,6,4,10,11,12,12,24,33,26,64,64,40,,,,,,
400,2011,0.028733756,NA,NA,41,19,4,51,NA,47,41,NA,15,50,1,86,52,56,74,3,52,112,,,,,,
401,2007,0.13540465,14,132,145,35,35,80,95,85,84,90,98,103,107,100,90,103,100,104,108,109,,,,,,
411,2006,-0.112781066,145,153,145,134,157,68,126,146,185,186,182,170,137,178,192,222,225,217,211,223,,,,,,
412,2015,0.027873767,NA,17,NA,2,NA,NA,9,14,4,8,NA,19,NA,46,84,88,42,66,28,81,,,,,,
414,2013,-0.089243838,77,49,110,38,NA,NA,47,89,2,39,33,96,47,5,47,4,34,60,79,71,,,,,,
419,2013,0.062442847,2,97,NA,35,43,8,3,2,6,134,88,45,107,145,132,104,127,86,135,126,,,,,,
420,2014,-0.053969361,47,78,25,29,20,10,55,46,24,44,86,101,65,104,120,129,116,131,133,102,,,,,,
421,2004,0.061844023,NA,14,NA,1,6,20,30,8,29,3,2,60,40,62,2,38,26,51,69,48,,,,,,
424,2006,0.049633807,3,10,9,1,5,37,44,18,46,48,54,85,83,83,111,99,96,99,117,60,,,,,,
427,2016,0.138949427,69,124,126,125,173,122,153,157,139,121,152,126,137,112,150,129,184,186,199,200,,,,,,
429,2004,-0.052438149,169,166,160,179,180,179,175,180,191,185,184,182,187,185,180,182,180,192,183,198,,,,,,
430,2010,-0.06988184,224,222,229,229,227,231,224,230,236,231,240,231,231,229,228,233,226,241,227,241,,,,,,
431,2004,0.125402628,53,62,71,85,129,148,158,163,162,156,153,155,154,160,160,167,164,163,165,170,,,,,,
432,2006,-0.049915277,73,94,159,154,155,185,187,202,187,190,187,186,185,187,184,189,194,186,184,189,,,,,,
433,2005,-0.074230068,124,150,173,166,179,170,169,174,162,174,178,181,180,174,177,183,170,180,175,179,,,,,,
434,2013,-0.047412635,133,132,157,151,162,144,176,173,175,171,182,175,176,183,168,181,173,168,170,177,,,,,,
435,2009,0.041544311,155,146,145,136,155,144,154,164,132,160,147,147,153,172,178,172,187,164,169,172,,,,,,
436,2004,-0.049872166,138,139,87,146,154,172,144,135,168,151,153,152,153,149,142,147,139,117,129,144,,,,,,
437,2006,-0.046669281,166,183,167,175,172,169,168,171,186,181,190,190,193,186,184,186,180,181,174,191,,,,,,
438,2006,-0.064580548,157,172,175,166,171,167,176,165,168,167,161,170,170,175,169,171,172,162,168,167,,,,,,
442,2017,-0.060683238,14,55,74,75,122,141,121,126,115,54,59,45,70,77,69,131,144,108,131,99,,,,,,
443,2009,0.079645435,NA,6,NA,20,25,1,19,16,16,13,13,12,26,13,34,40,42,35,39,37,,,,,,
445,2004,-0.036956274,35,52,20,8,20,36,5,17,15,13,26,17,30,39,3,30,54,85,76,73,,,,,,
447,2009,0.052536965,74,95,105,71,101,82,135,110,97,89,104,126,97,123,149,148,163,177,177,156,,,,,,
448,2008,0.039116985,58,54,83,29,63,48,79,57,66,76,55,37,40,59,88,99,119,117,139,148,,,,,,
449,2014,0.043643115,143,154,139,137,137,144,157,163,145,150,165,150,169,149,176,170,182,177,188,175,,,,,,
451,2005,0.055727408,127,140,142,136,149,145,156,144,117,146,168,182,185,177,165,176,178,187,189,184,,,,,,
452,2011,0.041617012,54,54,49,34,53,44,84,4,32,9,8,25,19,78,55,129,121,121,128,130,,,,,,
453,2014,0.038686625,47,73,77,81,80,106,78,74,86,69,76,73,58,72,55,102,91,101,107,116,,,,,,
454,2006,0.030041402,157,175,168,180,167,170,189,177,188,188,190,200,185,187,209,214,223,219,225,230,,,,,,
455,2011,-0.025269442,55,69,88,54,89,73,60,86,66,132,128,113,139,136,168,172,186,177,187,181,,,,,,
456,2004,-0.048597841,39,18,34,45,47,59,29,59,23,47,47,43,50,45,64,70,63,110,149,119,,,,,,
457,2012,-0.033437891,37,55,78,97,98,74,58,55,39,78,73,83,102,70,90,108,134,154,147,149,,,,,,
458,2009,-0.030432595,22,27,42,68,51,29,32,56,29,22,24,37,40,46,49,63,77,85,112,114,,,,,,
459,2007,-0.039277194,32,39,50,51,43,32,39,54,46,40,56,61,58,63,76,75,71,82,75,71,,,,,,
464,2010,0.024958421,NA,78,70,36,30,NA,NA,4,1,19,47,22,98,28,50,72,60,70,130,193,,,,,,
466,2009,-0.035608015,7,69,68,7,40,56,48,57,60,61,66,56,55,56,56,85,35,58,41,50,,,,,,
476,2012,-0.210482118,271,242,280,255,296,302,289,205,282,252,325,272,313,329,307,322,324,358,344,282,,,,,,
477,2014,-0.051298022,85,41,81,135,110,68,86,79,58,59,122,62,116,83,125,79,107,147,151,87,,,,,,
478,2004,0.107574125,108,70,91,43,131,60,61,80,83,49,128,126,82,101,99,92,106,128,103,56,,,,,,
479,2017,-0.1028739,125,117,103,98,125,106,144,109,149,128,160,188,135,130,177,163,172,182,171,153,,,,,,
480,2004,-0.042061523,43,12,20,19,26,3,57,7,19,15,39,38,3,2,100,30,100,94,58,62,,,,,,
481,2011,0.023004793,46,37,67,46,51,54,92,92,89,88,93,68,77,77,57,79,64,86,114,91,,,,,,
482,2011,0.043350441,69,113,100,113,107,127,118,116,131,124,108,101,133,137,105,113,130,135,151,140,,,,,,
484,2011,0.030129229,31,32,23,23,31,38,63,37,72,39,28,48,16,56,75,57,71,91,93,84,,,,,,
485,2010,-0.076516718,28,44,39,30,32,31,54,8,24,36,46,41,42,14,57,46,63,58,76,69,,,,,,
487,2011,0.104625874,130,49,104,138,148,142,94,155,150,163,159,161,177,183,179,199,226,206,208,205,,,,,,
489,2011,0.005370612,30,9,34,12,28,20,32,35,46,28,51,32,54,35,82,42,61,63,74,65,,,,,,
493,2011,-0.075417522,3,NA,1,NA,NA,1,NA,10,18,6,23,3,22,16,28,50,10,16,35,14,,,,,,
497,2004,0.070285942,25,84,15,30,91,92,153,114,124,106,118,134,136,152,133,151,158,151,172,193,,,,,,
502,2004,0.130507572,3,NA,57,8,39,64,102,112,123,80,136,138,134,186,202,154,214,225,186,145,,,,,,
503,2011,0.079224407,17,21,22,23,24,18,37,38,37,67,32,36,39,23,29,50,64,61,75,62,,,,,,
504,2008,0.05842562,18,15,7,32,13,68,21,32,22,12,30,38,66,56,94,141,130,126,131,144,,,,,,
505,2015,0.028433498,25,NA,41,3,55,47,25,56,48,94,54,95,110,88,108,110,113,104,110,123,,,,,,
506,2004,0.030163871,39,59,26,22,65,24,42,80,47,32,50,45,69,69,85,116,111,115,128,136,,,,,,
509,2004,0.02168172,2,3,56,62,54,26,46,86,50,16,68,74,66,76,91,93,98,93,123,124,,,,,,
511,2009,-0.093733448,132,153,135,164,158,180,187,190,182,188,197,197,208,202,202,220,227,224,224,217,,,,,,
514,2017,-0.057058856,34,88,62,88,101,103,96,35,85,100,153,104,101,120,127,194,197,195,200,195,,,,,,
515,2014,-0.055960252,35,34,50,NA,29,8,NA,NA,NA,NA,1,1,3,4,6,13,66,48,57,48,,,,,,
517,2010,0.031564283,63,59,58,86,69,51,78,70,31,44,23,34,91,152,100,109,111,134,140,144,,,,,,
518,2015,-0.034128369,34,113,129,37,118,108,122,107,126,101,130,114,88,112,143,120,154,163,176,163,,,,,,
519,2017,0.064593867,NA,6,5,15,31,29,2,16,8,4,69,61,19,23,7,58,9,82,93,113,,,,,,
520,2009,0.03326173,21,49,11,60,49,43,62,47,26,32,63,73,1,21,62,73,73,62,126,103,,,,,,
521,2007,0.042936378,111,102,34,164,167,184,190,181,164,159,187,205,219,246,227,249,236,245,257,211,,,,,,
522,2008,-0.085698192,NA,NA,2,41,1,8,NA,2,62,75,12,23,73,101,92,99,80,90,92,94,,,,,,
524,2015,-0.046373722,74,8,17,53,43,41,90,97,37,59,59,101,96,92,137,162,161,163,144,142,,,,,,
525,2015,-0.07951325,9,26,14,NA,NA,NA,13,NA,13,8,27,47,10,7,50,38,55,2,55,9,,,,,,
527,2015,0.036496625,20,106,62,NA,40,19,22,73,9,6,7,4,19,29,43,105,25,42,75,41,,,,,,
530,2008,0.076884952,NA,57,NA,NA,35,NA,77,116,44,1,21,NA,96,32,82,42,12,132,163,214,,,,,,
533,2004,0.064483364,160,166,173,164,168,167,179,180,176,191,186,182,192,182,179,185,182,183,179,172,,,,,,
537,2011,0.03562922,123,134,140,139,119,152,167,181,169,209,217,197,193,195,205,207,213,203,203,219,,,,,,
539,2006,-0.035911225,45,8,2,42,26,30,41,45,29,3,29,5,15,34,29,40,27,62,46,43,,,,,,
540,2015,0.04134412,149,110,111,146,144,150,138,145,144,163,163,179,162,169,168,235,237,240,232,242,,,,,,
541,2004,0.126616306,NA,NA,NA,11,NA,21,8,45,47,94,33,93,47,95,111,173,254,284,284,251,,,,,,
542,2016,0.043276921,108,131,139,128,129,137,115,131,114,132,142,138,134,144,137,135,152,139,158,153,,,,,,
543,2004,0.05124456,74,68,76,93,86,104,85,101,94,92,110,89,104,80,100,98,117,94,112,132,,,,,,
545,2006,0.004076171,75,44,70,27,67,66,77,81,60,88,78,55,76,82,73,70,94,73,80,63,,,,,,
546,2015,0.069870953,NA,212,28,NA,137,216,48,22,156,103,294,249,216,190,226,265,348,437,374,375,,,,,,
547,2005,0.042237587,84,59,79,60,37,60,55,77,62,91,33,43,86,65,88,91,78,106,104,89,,,,,,
548,2010,0.04528381,NA,54,41,51,99,NA,98,NA,NA,82,38,NA,69,76,NA,20,40,55,34,16,,,,,,
550,2009,-0.150380683,48,NA,NA,NA,NA,67,13,5,62,52,9,72,90,114,100,124,134,121,157,90,,,,,,
552,2016,0.054277437,NA,108,2,126,67,24,84,23,68,42,46,49,79,102,110,86,107,120,147,111,,,,,,
555,2007,0.023735985,25,35,17,30,43,39,81,50,58,66,30,23,57,42,74,79,74,84,105,68,,,,,,
556,2008,0.115355883,115,128,128,68,213,134,10,170,145,153,144,96,152,150,169,215,127,84,90,49,,,,,,
557,2014,-0.146055119,131,18,121,NA,96,41,113,99,11,20,140,107,54,81,72,90,164,152,128,NA,,,,,,
559,2009,0.023151782,262,276,279,271,289,283,299,307,317,307,306,316,317,324,317,317,327,322,331,329,,,,,,
560,2015,0.044110965,NA,62,1,NA,NA,NA,NA,46,22,37,28,30,52,75,49,57,48,53,124,94,,,,,,
561,2008,0.045389726,NA,NA,NA,3,NA,NA,NA,5,2,27,40,22,10,5,11,11,9,2,13,21,,,,,,
562,2013,0.030383966,88,90,110,115,108,81,101,127,117,136,130,134,127,131,144,135,147,115,118,128,,,,,,
563,2004,0.139093931,NA,NA,8,36,NA,21,85,57,60,36,117,120,121,114,103,128,126,129,126,59,,,,,,
564,2014,-0.079883184,NA,NA,45,47,NA,29,34,11,NA,22,67,20,8,2,35,28,75,89,57,3,,,,,,
565,2012,-0.050519348,4,NA,65,NA,20,31,68,81,76,52,124,152,114,94,127,118,140,139,129,116,,,,,,
568,2016,0.040591837,22,17,70,67,26,35,5,85,54,74,61,28,71,79,84,81,87,74,88,68,,,,,,
569,2012,0.017537662,48,NA,NA,33,14,3,1,54,NA,NA,NA,14,NA,40,44,62,51,61,85,66,,,,,,
577,2009,-0.055134795,58,24,1,42,45,37,63,12,31,47,4,8,44,92,67,81,111,72,47,27,,,,,,
578,2013,0.039298101,2,NA,NA,NA,4,1,1,NA,3,15,25,10,47,76,81,60,69,83,78,75,,,,,,
580,2011,0.029975053,NA,5,NA,NA,7,1,2,1,NA,15,12,5,1,2,11,5,65,48,34,74,,,,,,
581,2013,0.05203018,NA,NA,NA,NA,10,88,NA,NA,47,56,8,1,41,1,29,4,53,40,71,101,,,,,,
583,2013,0.04072114,NA,NA,NA,NA,32,3,15,11,NA,7,9,39,23,15,35,124,86,86,95,52,,,,,,
584,2011,-0.040595374,NA,5,NA,36,43,26,8,6,13,87,67,71,42,90,86,100,87,120,108,58,,,,,,
585,2012,0.029884211,NA,78,34,14,NA,NA,NA,11,34,4,34,71,29,48,64,48,64,89,79,73,,,,,,
586,2012,0.040302605,NA,18,1,21,NA,NA,NA,19,1,57,78,94,82,71,97,91,103,109,82,102,,,,,,
587,2004,0.049821795,25,50,40,37,47,45,51,53,72,61,35,1,54,61,58,72,88,79,99,87,,,,,,
588,2013,0.041069913,7,NA,36,10,3,13,21,38,26,32,34,3,30,53,67,35,60,51,51,67,,,,,,
589,2011,0.06720628,55,77,74,129,88,127,100,33,59,111,64,75,134,169,148,130,134,177,167,156,,,,,,
590,2011,0.038100392,NA,24,7,46,10,4,18,70,45,76,41,75,139,107,112,143,129,152,160,179,,,,,,
592,2009,0.062274071,167,189,183,186,185,153,181,177,181,207,183,181,191,207,193,199,211,209,225,230,,,,,,
593,2010,0.044703054,155,176,162,190,179,174,212,183,197,199,198,191,185,217,223,214,249,229,242,238,,,,,,
594,2004,-0.044120224,29,31,55,39,64,35,83,58,62,69,78,41,65,52,69,89,103,141,130,116,,,,,,
595,2004,-0.060374062,7,26,41,60,35,83,107,101,129,89,61,67,106,137,116,128,189,189,183,161,,,,,,
597,2010,0.038141406,1,2,1,NA,7,30,50,2,4,11,2,18,50,30,9,38,31,76,86,96,,,,,,
598,2012,0.02217708,67,36,36,25,29,49,28,89,30,55,1,10,24,2,32,102,87,79,98,98,,,,,,
599,2012,0.041029186,53,76,75,94,61,60,65,65,92,83,66,81,71,54,52,126,98,85,100,120,,,,,,
599,2013,0.041029186,53,76,75,94,61,60,65,65,92,83,66,81,71,54,52,126,98,85,100,120,,,,,,
600,2014,0.024085313,60,59,33,39,48,35,77,18,20,33,92,39,46,63,137,112,118,108,141,138,,,,,,
602,2008,0.048127089,1,1,NA,NA,5,1,110,17,172,35,134,4,198,96,203,130,16,50,37,1,,,,,,
603,2013,0.035678953,NA,1,84,101,1,1,5,51,36,58,144,134,164,152,175,184,232,177,204,190,,,,,,
605,2013,0.04510478,7,1,23,20,3,3,6,44,33,27,89,62,45,55,68,77,101,62,139,160,,,,,,
607,2004,0.055397559,26,32,17,10,6,21,5,NA,33,29,19,NA,38,27,69,79,75,110,102,113,,,,,,
610,2005,0.034899685,22,6,3,14,19,22,23,20,27,28,47,28,61,37,57,109,131,147,137,113,,,,,,
612,2008,-0.062897651,NA,NA,NA,1,4,7,7,9,7,8,9,11,15,34,26,65,67,47,50,48,,,,,,
614,2015,-0.039468616,NA,NA,3,4,8,8,NA,12,3,NA,18,NA,1,41,10,11,6,24,20,13,,,,,,
615,2009,-0.025947529,57,63,66,54,50,47,39,21,62,48,42,52,56,69,65,71,69,66,73,44,,,,,,
616,2009,0.044942489,40,13,NA,37,NA,43,NA,NA,24,14,6,26,16,22,NA,19,29,54,30,36,,,,,,
619,2010,0.027900437,2,10,15,12,20,7,15,24,23,48,97,100,145,126,174,219,207,202,182,130,,,,,,
620,2006,0.054495972,13,NA,NA,NA,NA,1,53,7,8,1,32,24,51,73,93,47,76,137,153,40,,,,,,
622,2006,0.036098582,73,63,73,64,83,95,63,63,84,79,88,93,96,89,103,99,100,99,109,126,,,,,,
623,2005,0.03979902,NA,NA,NA,114,23,54,113,87,33,80,69,2,4,29,155,89,199,205,175,16,,,,,,
629,2006,-0.036479895,1,1,83,47,3,87,83,66,68,71,107,91,140,122,205,214,210,214,216,226,,,,,,
631,2007,0.045091005,136,144,131,154,155,172,157,173,203,194,203,219,234,212,207,210,204,217,221,209,,,,,,
632,2009,0.034662879,46,27,96,1,NA,2,37,57,45,22,1,10,83,58,43,70,85,21,32,54,,,,,,
633,2009,0.050922167,13,4,20,47,11,36,36,58,58,47,79,43,57,50,62,98,105,84,99,91,,,,,,
635,2004,0.052623336,84,21,91,52,113,66,102,69,104,87,124,107,103,134,151,145,148,138,168,167,,,,,,
638,2015,0.057486226,29,19,14,NA,NA,10,4,24,94,68,23,NA,27,30,64,4,105,125,117,110,,,,,,
639,2015,0.076555293,NA,NA,NA,NA,39,99,9,NA,64,47,76,96,83,92,78,103,107,116,68,153,,,,,,
641,2006,0.028849983,45,62,46,86,61,26,55,44,50,47,61,56,39,41,44,68,127,114,135,117,,,,,,
642,2009,0.108908172,6,3,22,9,35,32,31,35,22,14,33,68,86,89,86,99,107,89,104,103,,,,,,
643,2004,-0.188567571,NA,93,100,35,NA,7,1,6,1,60,146,39,13,113,52,125,133,91,104,172,,,,,,
644,2011,-0.055461446,NA,67,NA,11,NA,NA,47,90,14,74,21,44,76,52,41,14,87,156,157,161,,,,,,
645,2011,0.038967317,29,47,38,23,54,72,29,11,33,43,14,10,17,29,46,56,50,100,106,124,,,,,,
646,2004,0.037190029,98,97,78,139,109,91,86,94,94,86,119,106,119,79,89,81,107,125,123,137,,,,,,
647,2013,0.048023445,30,NA,38,14,11,NA,NA,NA,NA,10,2,4,4,6,16,28,53,42,53,62,,,,,,
648,2005,0.149014855,9,NA,23,24,22,27,37,41,51,39,43,62,38,19,32,33,33,34,38,10,,,,,,
649,2005,0.064993625,64,69,74,78,47,56,57,101,120,111,97,89,120,145,143,175,164,177,189,193,,,,,,
650,2011,-0.064493399,74,75,81,8,85,5,1,27,44,49,70,43,16,12,5,1,7,NA,32,62,,,,,,
651,2014,-0.061389271,3,NA,8,5,17,NA,NA,NA,8,29,1,9,32,61,19,16,NA,43,5,88,,,,,,
655,2012,0.034399562,30,37,35,67,86,33,119,62,58,84,64,73,106,146,125,114,152,154,162,202,,,,,,
656,2017,0.089547875,25,50,30,NA,26,19,20,NA,32,21,35,40,51,46,35,17,39,36,53,26,,,,,,
657,2012,0.052174726,64,137,115,144,126,203,206,161,174,186,200,205,197,182,183,156,191,198,194,180,,,,,,
658,2008,0.057568706,29,10,NA,67,82,68,58,53,35,86,45,60,37,10,NA,23,27,99,89,84,,,,,,
660,2013,0.045081159,60,38,7,63,86,53,55,17,73,123,46,112,66,118,117,106,136,126,146,93,,,,,,
661,2012,-0.106318935,74,41,60,118,105,85,102,29,41,134,146,140,166,164,153,144,142,125,176,149,,,,,,
662,2004,0.05641052,118,94,96,72,81,85,76,143,140,164,157,152,166,157,102,126,125,122,120,134,,,,,,
663,2013,0.091072041,123,112,141,160,126,142,154,161,170,182,174,178,196,200,203,232,204,228,238,244,,,,,,
664,2004,0.042321148,37,24,83,74,66,58,20,47,81,49,131,112,114,125,134,133,143,160,139,180,,,,,,
665,2005,0.05368643,39,15,61,40,13,15,NA,59,52,66,75,68,84,113,137,124,125,114,120,138,,,,,,
703,2009,0.043949525,7,8,6,11,13,15,21,15,15,14,14,17,17,18,NA,NA,NA,NA,NA,NA,,,,,,
705,2004,-0.043297789,42,54,36,44,66,41,38,39,53,52,68,82,83,51,56,92,88,89,86,117,,,,,,
706,2004,-0.070328389,10,27,49,25,63,64,79,36,87,57,66,52,82,92,43,84,124,154,139,130,,,,,,
707,2014,0.033890913,99,132,121,119,138,130,145,119,142,135,135,114,154,134,156,195,203,194,203,197,,,,,,
708,2006,0.028334277,34,59,31,43,39,41,97,56,105,23,35,72,76,76,100,106,118,113,130,114,,,,,,
709,2009,-0.057593675,32,17,28,23,24,52,61,44,35,7,66,37,57,138,104,142,101,139,146,150,,,,,,
711,2014,0.035446535,55,34,21,106,70,74,121,148,165,154,120,131,148,152,128,162,182,197,174,168,,,,,,
713,2010,0.029695759,NA,39,19,31,49,64,20,18,20,25,1,14,11,9,52,81,60,67,109,43,,,,,,
714,2010,0.029809057,1,45,2,8,NA,14,104,NA,17,1,17,40,30,40,61,48,16,72,81,56,,,,,,
715,2011,0.030298976,15,18,30,64,46,50,29,17,72,130,84,101,93,86,106,106,96,92,121,110,,,,,,
716,2007,-0.064927463,72,62,102,47,86,106,120,137,9,30,14,65,44,19,38,40,12,28,78,69,,,,,,
720,2004,0.044775737,2,NA,7,28,16,1,NA,17,25,7,1,15,5,18,45,23,1,1,11,43,,,,,,
721,2012,-0.104862511,26,NA,4,14,12,NA,9,8,24,NA,1,3,1,9,47,33,47,29,29,35,,,,,,
722,2010,0.051744768,NA,8,4,26,25,24,30,35,12,69,12,49,97,45,119,153,81,135,123,102,,,,,,
724,2010,0.129972825,218,249,275,194,247,269,254,247,248,253,261,249,249,282,270,251,312,321,302,278,,,,,,
725,2011,0.07217961,56,44,NA,NA,NA,NA,NA,NA,32,27,27,61,25,154,122,193,173,154,181,97,,,,,,
732,2013,0.050121732,174,180,162,208,207,204,187,243,203,227,235,265,257,265,271,320,288,295,289,295,,,,,,
733,2015,0.049174445,NA,10,34,2,NA,42,36,19,17,36,85,94,64,73,134,151,137,134,139,64,,,,,,
734,2013,0.042108746,NA,30,NA,8,22,2,36,34,10,NA,16,3,26,6,31,27,23,12,6,22,,,,,,
739,2008,0.036824593,69,NA,NA,NA,1,NA,9,1,37,4,3,26,27,48,141,122,126,99,124,133,,,,,,
741,2009,-0.041101183,56,53,29,10,26,52,68,57,84,73,98,83,100,103,120,113,108,126,116,140,,,,,,
742,2015,-0.075451076,68,48,44,24,29,21,52,63,51,60,58,58,39,36,70,77,71,84,92,43,,,,,,
745,2012,-0.051629282,214,217,207,182,200,228,207,240,219,221,260,256,215,246,274,281,304,297,290,221,,,,,,
746,2011,0.03723287,3,12,45,31,46,78,45,21,93,87,90,81,81,80,55,85,74,105,126,113,,,,,,
747,2010,0.077348852,1,7,1,62,1,5,3,7,2,2,26,22,1,20,57,48,162,150,161,156,,,,,,
748,2010,0.052522355,32,22,21,NA,NA,6,6,9,24,38,23,10,26,42,69,81,217,223,210,232,,,,,,
750,2015,0.069677828,164,157,164,165,132,160,199,184,196,225,222,245,243,229,218,218,248,259,271,270,,,,,,
751,2013,0.032676319,1,11,1,1,9,25,32,25,42,23,32,36,36,29,43,24,41,42,62,65,,,,,,
752,2008,0.022612278,112,52,123,38,102,115,80,71,99,61,111,101,110,117,102,113,121,120,124,122,,,,,,
753,2004,0.072476921,32,18,34,18,14,29,21,9,32,60,13,13,26,30,45,29,35,40,53,7,,,,,,
754,2010,-0.038517669,24,28,NA,29,38,43,54,62,63,69,55,57,61,61,70,83,80,83,77,81,,,,,,
755,2005,-0.078965945,16,18,53,5,5,2,12,25,27,17,49,41,60,28,47,97,110,116,126,147,,,,,,
756,2006,-0.050259657,123,68,77,115,151,135,136,144,162,141,164,143,144,158,153,182,186,165,192,179,,,,,,
759,2009,0.075142057,NA,22,1,NA,4,15,7,9,6,39,NA,18,26,37,3,32,55,34,36,22,,,,,,
775,2005,0.045923664,3,2,3,20,7,18,NA,3,52,46,55,27,1,19,5,24,43,70,52,92,,,,,,
776,2012,-0.035633819,4,10,2,3,NA,3,3,3,3,3,3,36,3,5,119,2,NA,3,28,19,,,,,,
778,2011,-0.039963128,38,106,65,86,82,71,117,146,152,155,73,69,74,65,65,84,95,79,111,82,,,,,,
782,2004,-0.065916416,15,8,52,42,39,21,46,90,80,111,67,59,84,111,123,205,177,225,231,229,,,,,,
783,2008,-0.02018662,47,9,18,36,101,53,12,70,45,8,21,65,154,123,131,137,194,240,231,216,,,,,,
784,2012,0.030377792,NA,NA,32,65,NA,NA,15,29,15,16,31,21,76,75,63,45,105,79,107,20,,,,,,
785,2015,0.046677874,15,NA,18,11,11,NA,22,12,26,14,11,26,40,16,39,96,141,137,150,155,,,,,,
786,2012,0.038767414,36,41,63,23,15,58,101,124,85,126,155,131,156,152,147,162,188,170,180,177,,,,,,
787,2009,0.055903602,NA,NA,1,1,NA,NA,8,51,2,15,26,11,1,22,28,119,244,117,23,29,,,,,,
791,2009,0.03433306,96,98,49,116,36,13,77,69,75,99,63,75,119,88,80,57,94,36,59,113,,,,,,
792,2014,-0.057322859,46,16,29,23,1,12,22,22,10,49,33,39,91,45,42,32,48,61,49,53,,,,,,
794,2010,0.047075508,49,61,92,70,38,41,52,35,74,52,60,42,90,98,82,68,87,92,107,121,,,,,,
802,2013,-0.043347189,67,52,78,37,17,30,17,41,96,104,107,80,104,136,118,145,142,135,147,155,,,,,,
803,2005,-0.063070594,NA,22,1,19,9,26,10,47,43,31,33,21,14,23,34,25,40,28,15,51,,,,,,
804,2010,-0.06628665,201,206,214,215,212,210,220,221,233,223,229,235,246,231,233,231,240,243,245,251,,,,,,
805,2009,0.117161628,1,7,NA,2,10,6,24,13,74,91,80,95,97,108,78,86,93,100,116,120,,,,,,
806,2011,-0.027447296,NA,9,1,NA,NA,1,NA,NA,4,3,51,23,8,14,NA,36,19,34,25,12,,,,,,
809,2007,-0.084493403,14,5,1,16,89,49,11,41,36,32,42,47,42,30,23,44,5,12,22,33,,,,,,
810,2009,0.064505041,32,56,42,30,58,57,57,57,43,74,83,91,94,84,101,93,92,86,97,97,,,,,,
811,2004,0.084292604,177,160,194,221,225,203,211,220,175,252,280,241,252,265,267,289,330,343,335,339,,,,,,
812,2010,0.037148924,NA,NA,5,NA,7,5,3,11,6,6,20,19,62,12,78,75,57,121,88,4,,,,,,
814,2009,-0.040548496,NA,54,39,37,31,47,27,NA,12,69,4,4,39,6,1,75,88,77,108,103,,,,,,
815,2005,0.036314673,17,18,2,6,24,5,4,NA,35,32,15,59,44,30,96,161,213,213,190,195,,,,,,
819,2012,0.021851499,NA,2,1,15,22,1,18,5,2,2,6,1,19,25,67,21,67,76,84,68,,,,,,
821,2016,-0.064129607,31,117,99,132,132,100,121,132,134,140,116,115,154,147,115,99,96,106,108,111,,,,,,
822,2013,0.031196095,NA,NA,12,10,33,22,21,NA,16,24,32,32,43,12,48,49,53,68,58,64,,,,,,
824,2015,0.051169835,10,10,65,1,17,58,NA,51,44,71,71,101,128,139,134,144,158,159,153,166,,,,,,
825,2016,-0.072134599,84,82,65,59,89,95,63,85,107,96,109,151,132,116,134,143,171,189,174,179,,,,,,
826,2009,0.045976758,116,102,98,124,132,128,107,125,136,113,144,157,131,154,159,170,185,170,205,202,,,,,,
827,2012,0.035286837,93,115,90,97,75,87,67,146,122,134,160,160,165,172,169,168,185,183,177,173,,,,,,
828,2008,-0.043317934,135,128,110,139,121,119,113,118,136,46,142,159,139,125,147,136,154,143,146,160,,,,,,
829,2010,0.036259866,90,135,47,119,84,119,92,121,119,123,122,138,131,137,158,148,163,166,179,168,,,,,,
832,2013,0.047964701,NA,13,1,15,1,2,29,18,14,7,13,17,10,23,21,46,36,74,58,85,,,,,,
833,2011,0.023057246,18,8,NA,NA,7,50,64,62,39,50,44,71,26,43,67,82,60,67,73,81,,,,,,
837,2017,0.072578002,4,7,5,2,15,2,NA,NA,NA,16,18,21,35,39,45,47,54,46,36,73,,,,,,
838,2005,-0.043516457,24,28,26,26,42,24,84,57,25,60,40,26,52,74,56,96,114,129,130,119,,,,,,
846,2012,0.041916115,5,6,NA,NA,5,NA,3,4,4,6,3,3,5,21,NA,2,31,79,79,80,,,,,,
856,2012,0.113777778,42,1,3,9,8,2,6,8,5,21,19,15,43,NA,19,1,12,37,24,30,,,,,,
857,2004,0.044228237,46,17,5,1,16,67,54,47,2,29,21,13,3,16,6,43,13,29,71,40,,,,,,
860,2013,-0.032165405,116,NA,58,72,73,28,73,38,94,72,82,74,129,139,75,136,91,147,110,152,,,,,,
861,2012,-0.113704938,13,NA,6,8,10,NA,NA,28,18,12,9,29,49,58,73,54,53,40,45,34,,,,,,
862,2013,-0.120011773,22,46,48,32,33,6,38,145,136,144,167,151,161,147,103,104,102,121,127,131,,,,,,
863,2013,0.044050313,46,53,71,53,80,86,90,85,95,87,99,110,114,94,122,106,120,139,143,153,,,,,,
866,2015,-0.050330151,17,3,6,2,9,5,5,2,NA,23,18,37,31,80,68,91,83,136,135,165,,,,,,
867,2015,-0.049530983,82,59,47,NA,NA,NA,17,47,24,NA,1,1,4,1,2,130,119,75,111,112,,,,,,
870,2012,0.061971764,89,36,19,73,107,113,114,56,70,66,55,56,88,134,119,132,154,165,171,152,,,,,,
871,2012,0.065905339,71,42,23,80,115,94,140,142,138,136,104,70,152,168,172,188,177,186,185,182,,,,,,
875,2013,0.005126554,22,NA,13,4,11,11,26,8,20,24,23,18,25,20,26,44,34,28,34,38,,,,,,
876,2010,0.005848562,8,2,6,7,8,7,7,21,8,13,10,9,11,12,6,17,7,15,15,13,,,,,,
878,2017,-0.096804031,NA,NA,NA,NA,NA,NA,33,40,55,47,66,45,52,50,24,36,47,53,28,24,,,,,,
879,2005,0.057454112,212,285,234,316,334,339,338,324,328,346,323,346,355,348,365,382,395,386,406,336,,,,,,
881,2011,0.032177651,56,45,36,52,52,52,78,92,81,64,89,78,89,89,87,108,91,108,135,94,,,,,,
882,2012,0.047705584,30,19,58,53,69,72,60,51,73,89,63,64,78,84,80,92,83,82,104,73,,,,,,
883,2007,0.082437569,NA,NA,NA,NA,18,NA,24,56,54,83,20,2,45,75,41,89,76,89,103,47,,,,,,
884,2010,-0.042094909,63,88,80,76,86,82,86,97,94,106,98,120,120,103,112,110,120,122,121,110,,,,,,
885,2011,0.043698585,126,157,109,137,139,133,157,157,155,165,153,166,157,186,175,196,189,201,194,172,,,,,,
886,2012,-0.021175949,102,149,77,78,115,71,154,138,109,62,110,159,157,152,180,195,205,204,190,161,,,,,,
887,2017,0.064934757,117,175,225,106,191,132,157,72,175,140,99,54,159,178,207,206,176,217,239,88,,,,,,
888,2004,0.037201584,2,3,47,2,85,61,NA,2,16,NA,NA,44,NA,47,31,NA,40,56,37,NA,,,,,,
889,2005,0.057440922,29,53,85,72,78,80,75,68,62,66,69,69,73,71,78,75,77,81,92,72,,,,,,
890,2011,0.036725113,50,30,43,83,61,83,53,13,29,20,15,20,52,68,71,72,104,109,116,108,,,,,,
891,2012,0.053252009,14,1,72,26,44,1,27,56,40,26,63,43,102,52,74,99,59,79,88,94,,,,,,
897,2011,-0.042463162,77,59,82,24,43,25,7,18,24,29,26,62,5,37,20,40,83,113,92,84,,,,,,
905,2015,-0.05805869,5,NA,NA,109,99,89,98,27,75,16,15,4,30,17,33,27,47,91,89,48,,,,,,
911,2004,-0.046305567,1,NA,NA,40,66,77,24,4,4,7,3,6,9,59,10,23,4,35,80,2,,,,,,
912,2005,-0.045078211,4,NA,NA,48,48,30,41,3,12,17,10,NA,17,88,45,40,97,69,107,10,,,,,,
914,2014,0.040908076,54,46,86,100,103,97,98,111,111,121,122,127,123,120,125,133,123,126,131,128,,,,,,
915,2004,0.107452171,NA,NA,26,15,54,1,5,22,57,22,46,117,129,88,124,194,149,151,150,187,,,,,,
919,2016,0.041379135,27,9,2,23,44,16,13,15,39,44,16,81,71,71,68,76,79,45,68,68,,,,,,
925,2010,0.031340942,74,69,72,56,95,67,137,113,77,88,139,133,138,164,173,182,216,217,221,217,,,,,,
926,2006,0.060980207,5,8,39,4,34,2,6,NA,47,1,32,45,58,81,67,87,60,97,104,89,,,,,,
928,2014,-0.052340982,NA,NA,NA,13,8,8,6,11,36,33,34,44,31,37,31,30,44,56,34,27,,,,,,
937,2007,-0.052993972,2,NA,8,10,6,16,21,38,43,59,49,24,8,27,33,22,64,85,75,37,,,,,,
938,2004,-0.103157242,61,60,54,75,50,48,78,90,90,79,90,63,58,51,97,96,68,72,81,79,,,,,,
939,2007,-0.060473614,76,107,59,105,95,30,77,86,116,131,67,41,59,86,69,95,97,102,103,94,,,,,,
941,2011,-0.037773677,24,28,20,39,23,28,34,29,56,69,72,52,44,80,97,107,126,125,130,133,,,,,,
942,2016,-0.09291623,15,142,137,134,204,166,122,161,127,138,176,189,213,185,195,187,213,166,200,187,,,,,,
943,2009,0.070063711,NA,NA,19,66,85,51,34,60,50,114,33,15,17,81,62,80,70,104,115,85,,,,,,
944,2008,0.038765666,48,74,78,69,99,74,66,28,94,114,88,98,79,47,102,94,88,109,130,163,,,,,,
945,2008,0.05008257,27,76,66,145,164,189,116,111,100,119,127,127,131,148,149,145,137,135,168,117,,,,,,
946,2015,0.044702941,64,36,35,51,106,104,127,97,139,86,151,138,173,201,224,242,259,283,296,270,,,,,,
949,2008,-0.046572706,97,143,119,125,105,114,83,115,104,101,127,121,143,145,152,173,155,160,165,148,,,,,,
952,2014,-0.055559824,127,95,182,96,104,174,107,183,169,150,163,144,180,178,170,150,234,229,174,138,,,,,,
956,2010,0.130157846,NA,5,NA,15,NA,52,NA,9,44,32,27,29,82,131,32,117,286,238,305,294,,,,,,
957,2015,0.078710273,35,59,17,37,70,97,62,67,19,63,61,104,70,88,123,119,157,155,150,144,,,,,,
958,2014,0.064294437,2,NA,12,12,36,22,9,23,40,61,26,33,56,32,57,93,82,87,90,67,,,,,,
959,2011,0.031782843,58,56,65,77,40,25,56,65,50,83,42,61,76,59,74,74,83,92,105,59,,,,,,
960,2005,0.049366781,136,112,110,116,131,134,140,154,154,153,148,164,181,170,185,193,187,192,180,195,,,,,,
962,2015,-0.060064071,NA,7,NA,4,8,NA,35,20,NA,NA,35,3,24,26,1,21,39,44,54,NA,,,,,,
964,2007,-0.033249919,91,99,96,77,95,88,68,82,76,66,74,67,86,84,105,93,114,107,126,152,,,,,,
965,2004,0.047419342,187,163,154,146,149,156,164,149,160,158,161,152,161,179,164,172,172,184,192,179,,,,,,
968,2005,-0.062109333,NA,NA,5,5,11,12,14,11,12,21,12,13,10,19,13,15,13,17,9,10,,,,,,
973,2006,0.049203295,10,9,12,13,15,37,7,13,18,17,15,2,NA,22,32,5,31,54,78,98,,,,,,
992,2014,0.034699952,99,115,95,124,94,135,84,145,101,105,72,134,170,126,111,119,132,154,142,129,,,,,,
994,2017,-0.026777107,127,65,46,117,52,122,93,61,116,82,100,108,153,138,98,127,144,151,161,151,,,,,,
995,2013,-0.069845071,23,22,14,35,NA,NA,NA,80,NA,6,7,3,14,9,22,36,29,15,7,66,,,,,,
1000,2013,-0.064934791,NA,NA,1,NA,NA,28,10,30,6,48,87,70,130,135,159,178,169,180,178,150,,,,,,
1001,2008,-0.114743382,40,48,41,35,42,17,44,42,46,32,28,31,56,84,65,73,92,97,107,103,,,,,,
1002,2013,0.068661533,NA,15,29,62,91,64,67,NA,1,1,38,9,43,106,88,115,127,119,114,119,,,,,,
1004,2014,-0.062677543,30,42,55,56,69,56,67,49,50,46,58,59,100,90,77,95,91,85,91,89,,,,,,
1005,2009,-0.032079572,73,107,74,90,51,67,64,54,41,29,18,81,119,102,96,89,118,109,135,147,,,,,,
1011,2007,-0.083831728,34,44,98,75,83,67,103,76,82,103,87,83,80,88,78,74,80,94,117,126,,,,,,
1012,2014,0.045851643,NA,1,NA,4,19,56,51,17,65,50,80,69,49,142,78,133,141,147,151,123,,,,,,
1014,2006,-0.059395819,18,24,16,1,97,54,2,111,42,93,63,36,10,30,23,54,78,106,119,122,,,,,,
1017,2004,-0.109237063,98,53,81,6,10,63,53,8,3,77,104,60,32,81,29,6,49,85,23,26,,,,,,
1018,2004,-0.10871611,82,37,111,24,48,59,51,24,54,114,139,74,65,131,130,90,160,173,210,5,,,,,,
1019,2013,0.057656527,80,36,78,97,108,88,93,59,80,66,109,119,91,78,118,141,149,137,137,165,,,,,,
1022,2010,0.069018904,213,215,226,219,278,281,301,305,291,341,331,329,378,402,412,485,501,499,503,495,,,,,,
1025,2011,0.034694397,103,49,91,126,128,102,96,97,99,67,109,114,112,124,114,117,144,147,142,152,,,,,,
1028,2004,0.050740466,NA,43,20,37,72,3,32,21,46,43,71,58,14,110,121,108,99,87,123,145,,,,,,
1034,2013,0.092829671,34,72,68,66,45,42,22,9,58,59,94,81,93,90,94,93,84,106,103,114,,,,,,
1037,2004,0.045180294,109,118,117,116,97,97,93,85,109,95,94,112,133,113,121,139,133,125,134,115,,,,,,
1038,2004,0.049440016,40,73,49,91,92,50,64,70,78,85,89,82,83,82,114,87,115,92,101,108,,,,,,
1046,2011,0.027573769,NA,3,5,10,24,32,63,25,28,8,1,1,19,47,50,7,17,42,56,69,,,,,,
1047,2012,-0.056717961,NA,NA,8,25,73,37,23,11,13,33,26,43,11,98,97,122,160,153,165,103,,,,,,
1050,2017,-0.124438195,12,1,NA,27,15,1,4,22,75,12,47,45,20,22,21,28,56,61,60,48,,,,,,
1062,2006,0.027311335,117,121,126,119,111,138,84,142,124,156,135,179,176,168,169,210,219,207,216,203,,,,,,
1077,2004,0.115417261,NA,13,3,2,31,NA,55,41,72,58,62,68,27,13,NA,41,18,46,34,3,,,,,,
1078,2014,0.041661591,NA,NA,NA,88,NA,NA,31,24,45,76,60,43,4,54,78,97,73,106,127,116,,,,,,
1080,2007,-0.191398382,NA,NA,NA,22,39,11,1,56,24,14,27,28,70,174,13,139,74,87,120,79,,,,,,
1081,2008,0.071467303,12,10,18,57,58,38,7,29,37,68,32,59,52,40,41,36,78,75,91,71,,,,,,
1095,2011,-0.024530308,17,9,2,11,8,4,4,5,7,NA,5,15,NA,16,14,4,9,39,55,70,,,,,,
1096,2009,0.034463742,79,100,78,93,111,120,86,108,109,105,102,114,109,131,112,120,124,122,116,107,,,,,,
1097,2009,0.067563612,180,121,106,37,79,132,56,2,61,93,171,120,162,85,141,136,127,171,174,66,,,,,,
1099,2009,0.066847448,9,73,64,81,9,14,38,67,36,57,19,104,109,126,143,144,152,171,180,183,,,,,,
1101,2012,0.15044984,NA,NA,NA,NA,NA,3,2,8,77,37,9,4,NA,68,49,68,53,83,104,99,,,,,,
1104,2013,0.061090865,6,NA,17,39,19,40,24,13,36,18,1,44,37,45,41,42,41,58,58,62,,,,,,
1107,2011,0.043824087,2,NA,NA,19,5,28,12,34,20,48,57,78,73,80,94,108,105,91,98,91,,,,,,
1110,2013,-0.02319836,10,47,76,47,1,NA,4,NA,6,29,NA,1,15,75,93,93,108,116,110,61,,,,,,
1111,2004,0.064335638,175,183,176,163,168,166,156,152,108,107,109,91,131,145,135,130,161,151,149,159,,,,,,
1112,2010,0.065998504,NA,34,NA,8,111,NA,117,6,9,6,71,145,133,103,34,134,186,210,161,200,,,,,,
1114,2004,-0.085681063,173,188,189,176,177,178,184,182,185,178,181,180,188,187,178,174,177,179,181,187,,,,,,
1115,2004,-0.229196482,212,207,224,208,231,230,231,237,240,232,239,247,243,243,245,245,238,233,241,234,,,,,,
1116,2011,-0.045526919,85,86,115,88,118,106,114,129,132,122,118,127,114,118,119,117,138,120,139,130,,,,,,
1117,2005,-0.022159811,26,14,70,49,70,101,75,65,74,76,49,89,64,76,60,71,65,80,103,112,,,,,,
1118,2009,0.03621131,46,42,53,70,86,85,86,85,73,81,80,90,89,88,83,69,88,81,85,80,,,,,,
1119,2011,-0.027149663,139,163,157,180,188,191,196,193,207,186,199,197,210,206,181,186,193,212,204,210,,,,,,
1120,2017,-0.072051129,1,7,17,20,25,16,18,11,25,13,47,26,17,24,3,29,33,27,28,7,,,,,,
1121,2005,-0.027488695,18,27,31,22,32,38,23,28,51,47,42,51,14,69,25,44,68,80,64,90,,,,,,
1122,2004,0.047879931,58,111,76,104,123,159,172,171,173,174,159,169,168,174,171,161,168,166,158,160,,,,,,
1123,2011,-0.040706819,45,50,34,38,57,75,165,115,106,79,103,101,105,72,88,111,115,104,116,114,,,,,,
1125,2012,-0.026671879,73,100,135,178,187,188,182,177,186,173,180,171,176,179,188,184,182,181,170,186,,,,,,
1127,2012,-0.040512434,182,192,212,213,204,213,221,220,213,218,209,212,215,211,220,203,209,208,217,223,,,,,,
1128,2015,-0.050229823,113,157,129,153,170,182,178,171,175,172,178,182,173,168,174,174,183,194,185,201,,,,,,
1130,2014,0.052237331,3,3,NA,3,1,2,5,1,4,3,5,1,2,9,4,3,NA,4,2,NA,,,,,,
1131,2014,0.041346686,4,4,17,25,54,92,101,75,92,83,73,74,75,75,101,92,100,92,97,100,,,,,,
1132,2015,0.041426193,58,56,69,76,85,127,120,131,117,119,123,111,119,107,108,99,109,118,114,135,,,,,,
1133,2013,-0.063245427,179,178,185,194,186,192,193,193,188,190,199,197,199,199,195,201,204,193,204,210,,,,,,
1136,2010,0.041347172,NA,13,NA,8,8,NA,19,NA,13,13,NA,72,98,85,93,155,147,180,130,176,,,,,,
1138,2013,-0.087641791,NA,NA,8,2,14,6,6,23,14,40,57,12,141,43,82,169,226,182,51,24,,,,,,
1140,2015,0.146851396,NA,NA,34,NA,10,5,NA,8,NA,NA,11,3,115,141,31,73,123,88,128,235,,,,,,
1141,2015,0.073100885,36,37,11,NA,NA,30,34,33,43,42,91,119,109,117,99,107,115,133,149,151,,,,,,
1144,2004,0.287470795,NA,12,NA,8,33,60,55,2,NA,29,59,94,87,118,162,144,133,121,160,194,,,,,,
1156,2011,0.062961162,53,NA,NA,NA,NA,NA,13,NA,51,1,3,55,86,109,141,150,154,146,166,120,,,,,,
1159,2012,-0.354650516,222,195,264,212,206,255,216,164,243,228,276,221,217,210,199,235,225,250,272,200,,,,,,
1162,2005,-0.037334206,66,43,196,101,161,129,189,201,215,223,210,213,209,232,232,257,237,269,265,222,,,,,,
1172,2011,0.028529274,134,152,171,149,168,142,152,176,182,189,182,186,211,222,227,240,241,223,228,241,,,,,,
1176,2008,0.182905764,125,57,85,134,62,6,100,77,9,134,129,162,189,190,215,216,225,245,228,253,,,,,,
1179,2007,-0.41142707,3,37,NA,6,18,7,30,16,1,21,4,35,19,31,42,47,44,61,51,75,,,,,,
1182,2008,0.057648857,6,9,18,NA,5,3,6,5,7,56,3,36,47,1,21,8,18,46,24,30,,,,,,
1185,2005,-0.145567268,NA,1,NA,NA,1,3,7,9,8,NA,5,3,2,4,6,6,7,13,16,21,,,,,,
1186,2011,0.072456453,4,23,NA,3,1,32,30,57,82,84,99,91,108,92,83,83,100,87,107,96,,,,,,
1188,2012,0.060858434,9,6,36,25,5,31,47,7,78,114,106,123,101,110,94,90,131,108,87,124,,,,,,
1188,2013,0.060858434,9,6,36,25,5,31,47,7,78,114,106,123,101,110,94,90,131,108,87,124,,,,,,
1189,2005,-0.080280252,38,31,64,42,62,61,65,65,89,69,67,82,77,71,54,66,78,79,84,89,,,,,,
1191,2006,-0.062282752,NA,NA,NA,35,NA,27,20,14,22,26,36,32,13,21,48,2,43,12,27,21,,,,,,
1193,2015,-0.047758468,1,NA,NA,2,NA,2,NA,1,40,16,14,34,NA,45,28,30,38,52,1,35,,,,,,
1194,2005,0.066490631,21,15,5,14,NA,3,34,13,46,37,30,40,26,42,22,33,25,29,23,26,,,,,,
1195,2008,0.049158953,NA,3,2,1,33,34,4,21,43,34,55,45,18,14,55,58,39,34,37,29,,,,,,
1196,2004,-0.118326455,11,20,37,45,28,51,58,38,105,73,85,93,110,107,86,80,95,99,80,88,,,,,,
1197,2007,0.088105676,11,27,31,21,27,33,26,25,33,32,72,79,33,59,54,55,69,71,73,75,,,,,,
1198,2008,0.065252502,148,147,147,130,136,133,154,171,170,165,168,170,187,176,175,172,182,174,171,180,,,,,,
1199,2009,0.046084139,NA,28,NA,NA,NA,21,NA,22,18,30,40,48,23,46,25,50,42,64,27,38,,,,,,
1200,2010,-0.013421454,21,21,19,16,5,2,4,12,9,1,6,32,13,9,NA,NA,3,5,1,7,,,,,,
1202,2008,0.069798732,NA,31,30,24,19,24,28,34,27,38,35,44,33,46,49,44,55,52,52,42,,,,,,
1203,2006,-0.066007206,23,48,38,30,86,80,97,71,106,119,104,109,110,127,139,153,127,126,133,105,,,,,,
1205,2010,0.044934529,1,NA,NA,NA,NA,NA,NA,48,2,19,9,131,25,72,147,140,150,170,159,177,,,,,,
1207,2008,-0.057545005,3,NA,9,13,2,30,66,45,31,67,50,65,68,146,195,189,193,218,249,236,,,,,,
1208,2007,-0.064543102,NA,1,NA,NA,NA,NA,16,16,8,75,72,89,90,114,119,120,132,139,136,150,,,,,,
1209,2006,0.166745252,NA,NA,NA,NA,NA,1,3,1,11,NA,3,36,18,84,51,76,105,76,122,82,,,,,,
1211,2012,0.044449841,1,NA,NA,45,NA,NA,8,NA,2,69,34,49,106,67,76,156,201,180,183,218,,,,,,
1214,2012,-0.059009362,NA,2,NA,NA,NA,2,4,38,20,NA,43,32,22,82,93,148,169,170,180,199,,,,,,
1220,2011,0.018348403,29,36,57,23,11,43,38,27,46,64,16,17,57,59,27,48,52,50,61,52,,,,,,
1221,2017,-0.065199416,37,62,17,18,34,25,7,42,13,30,49,40,60,136,143,123,128,136,125,116,,,,,,
1224,2009,0.077814536,45,32,58,72,80,89,120,108,86,66,113,91,124,117,113,122,125,137,140,117,,,,,,
1226,2008,0.049310141,6,6,4,27,35,32,31,2,11,11,26,24,18,17,42,52,24,36,70,78,,,,,,
1227,2013,0.047901812,2,1,NA,NA,NA,5,12,NA,5,6,1,NA,6,20,11,1,2,4,6,27,,,,,,
1228,2004,0.110388595,75,43,55,128,52,65,134,73,77,104,90,56,106,95,127,138,156,138,200,176,,,,,,
1229,2009,0.108296291,38,89,47,104,97,95,99,100,46,93,104,111,66,85,103,135,127,137,156,157,,,,,,
1230,2004,0.111380408,20,27,58,98,46,50,79,74,55,72,100,113,59,103,107,143,118,76,103,118,,,,,,
1233,2007,-0.211593842,34,63,31,37,24,71,24,78,71,72,59,124,107,130,126,159,147,154,197,124,,,,,,
1235,2016,-0.145312377,62,67,51,88,27,78,86,57,105,116,121,146,159,145,157,188,182,185,188,154,,,,,,
1238,2011,0.007076381,18,NA,4,NA,NA,NA,4,6,32,6,11,7,10,45,9,9,22,24,47,22,,,,,,
1239,2007,-0.029204047,5,1,NA,NA,7,5,32,NA,17,10,NA,32,4,2,10,23,73,62,64,11,,,,,,
1241,2013,0.039065646,1,2,NA,NA,49,57,NA,7,4,6,20,6,36,78,7,76,108,120,111,132,,,,,,
1244,2010,0.106857022,3,NA,NA,32,4,38,9,54,31,71,44,12,60,71,69,76,152,165,168,169,,,,,,
1245,2017,-0.156243556,NA,1,NA,NA,1,NA,6,4,2,4,20,8,11,20,46,22,177,170,176,191,,,,,,
1246,2013,0.05836783,2,2,61,2,14,12,2,62,15,14,41,38,71,49,63,56,192,187,189,195,,,,,,
1247,2013,0.055902532,153,4,55,99,38,67,121,139,88,128,152,150,128,145,122,140,223,214,226,228,,,,,,
1251,2010,0.052955512,NA,1,1,16,4,47,NA,3,NA,4,22,16,31,35,69,44,105,105,122,117,,,,,,
1252,2013,0.045684408,7,27,42,24,58,34,36,58,46,35,90,92,57,45,80,55,249,256,263,265,,,,,,
1256,2012,0.042404573,22,4,NA,NA,4,3,52,1,NA,39,63,14,86,103,41,32,56,131,46,32,,,,,,
1257,2012,0.021313933,8,15,45,34,42,26,43,38,42,58,24,37,61,35,22,25,37,61,77,103,,,,,,
1263,2012,0.084462971,83,74,64,91,82,87,72,111,80,75,87,55,84,97,107,114,142,128,139,145,,,,,,
1264,2010,0.028938309,96,98,112,105,131,108,85,84,84,87,128,160,194,191,213,207,208,212,215,209,,,,,,
1265,2005,0.037969309,59,79,59,75,76,82,113,95,91,87,92,128,128,110,101,110,151,153,180,160,,,,,,
1266,2006,-0.038068842,NA,35,63,58,40,43,25,21,1,56,13,3,23,32,29,94,115,60,96,91,,,,,,
1268,2012,0.0382092,2,NA,13,NA,NA,4,4,1,30,NA,NA,3,32,50,58,114,94,72,97,109,,,,,,
1269,2011,-0.062005424,NA,25,8,11,NA,11,2,NA,64,132,135,166,153,155,155,161,145,147,161,165,,,,,,
1272,2015,0.06458054,NA,1,2,17,NA,3,12,10,39,10,23,28,42,60,65,70,219,223,225,221,,,,,,
1275,2013,0.03687484,15,4,NA,4,NA,1,7,53,20,57,50,7,9,47,43,30,176,169,175,169,,,,,,
1279,2011,0.048037142,66,23,40,38,14,24,28,15,10,26,40,61,90,118,88,79,238,242,238,238,,,,,,
1280,2008,0.016683588,1,1,NA,NA,1,68,1,1,3,14,78,62,74,31,35,56,130,131,136,136,,,,,,
1282,2013,0.047368204,35,NA,1,NA,NA,4,6,NA,1,1,43,57,24,103,60,106,137,139,125,149,,,,,,
1286,2004,-0.101478354,132,105,136,136,117,134,144,142,145,177,178,175,175,180,197,232,245,245,273,247,,,,,,
1290,2013,0.04436366,1,1,NA,NA,NA,NA,8,NA,NA,11,2,2,36,37,4,16,64,62,21,43,,,,,,
1291,2009,0.063050744,95,80,88,101,75,63,97,61,101,84,131,110,130,116,132,134,127,133,139,123,,,,,,
1307,2006,0.049923228,40,1,NA,NA,14,NA,8,34,58,80,68,82,80,89,118,73,86,84,49,84,,,,,,
1313,2014,0.030225071,19,NA,73,NA,NA,53,NA,NA,NA,9,51,68,77,80,103,101,63,70,98,105,,,,,,
1317,2011,0.013892999,46,3,5,NA,30,2,25,17,12,21,34,6,41,61,31,25,29,79,50,38,,,,,,
1321,2010,0.033253765,41,5,4,44,8,102,102,99,116,130,115,158,177,171,164,200,228,242,242,227,,,,,,
1325,2006,0.046442719,25,57,24,28,41,39,57,65,4,100,56,38,65,84,100,111,162,149,142,118,,,,,,
1328,2009,0.068345605,NA,NA,74,45,39,46,35,51,62,64,88,80,89,2,6,68,120,136,138,99,,,,,,
1329,2015,0.051897473,61,45,122,74,131,99,64,128,105,97,108,124,122,135,136,233,224,237,241,206,,,,,,
1333,2014,0.025913827,107,69,77,92,36,68,92,40,101,78,79,70,110,126,155,179,217,212,223,232,,,,,,
1334,2011,0.086065857,7,NA,2,NA,NA,26,16,67,28,49,21,23,72,76,49,111,87,127,100,80,,,,,,
1335,2009,-0.09253064,31,17,38,12,3,10,25,NA,29,42,1,38,24,46,86,93,135,128,130,106,,,,,,
1336,2011,0.033356607,42,50,33,35,35,129,71,88,28,50,106,58,55,107,127,183,175,187,191,146,,,,,,
1338,2006,0.056588558,NA,NA,12,55,47,13,2,NA,16,13,36,3,8,8,26,1,39,40,6,26,,,,,,
1339,2015,-0.063470818,8,NA,58,39,7,20,24,32,8,12,45,65,83,78,79,55,64,74,66,76,,,,,,
1340,2012,0.041344553,NA,23,19,21,1,3,6,NA,NA,18,8,3,2,5,11,17,97,71,29,57,,,,,,
1341,2013,0.037202872,82,19,31,4,61,54,19,18,28,28,40,11,49,50,47,63,71,107,88,83,,,,,,
1342,2014,0.041341791,59,17,99,82,73,126,54,25,6,42,83,46,122,112,123,165,158,153,156,25,,,,,,
1343,2004,-0.102153603,NA,18,NA,11,NA,27,9,2,7,28,8,7,15,29,19,23,76,42,51,53,,,,,,
1344,2004,-0.050093977,52,95,54,79,103,143,112,50,104,127,82,112,169,162,197,208,223,233,226,231,,,,,,
1349,2008,0.050039612,34,29,21,1,48,10,81,71,114,106,149,132,134,178,139,170,181,205,186,180,,,,,,
1355,2011,0.038033308,33,17,122,27,11,131,39,13,47,23,26,73,111,93,155,218,173,186,197,180,,,,,,
1356,2015,0.037846576,NA,13,NA,10,28,18,30,22,50,18,99,35,58,74,118,208,204,209,226,220,,,,,,
1358,2011,0.047876593,3,8,19,8,42,49,24,33,44,21,32,20,29,57,101,123,109,117,124,131,,,,,,
1359,2012,0.019818944,NA,NA,4,NA,NA,10,1,12,3,11,8,1,3,5,NA,12,28,7,15,NA,,,,,,
1360,2013,0.073419757,NA,7,NA,1,9,3,7,16,20,50,15,25,48,24,74,214,229,254,255,214,,,,,,
1362,2013,0.086949967,51,46,13,42,14,32,10,18,55,1,NA,NA,19,13,17,14,2,79,90,35,,,,,,
1363,2011,0.044766383,1,NA,5,27,61,29,38,50,116,98,100,106,132,169,176,205,196,211,221,225,,,,,,
1366,2012,0.043175925,19,3,100,41,5,35,20,73,76,32,12,85,139,157,208,233,250,279,253,231,,,,,,
1375,2017,-0.068774614,101,40,52,89,114,103,115,108,114,130,143,158,164,146,172,126,166,162,161,146,,,,,,
1384,2008,0.048645164,42,NA,NA,6,NA,NA,31,99,1,12,21,12,17,77,121,137,109,65,133,119,,,,,,
1391,2013,-0.047806979,NA,6,NA,NA,NA,NA,68,22,2,58,143,3,5,209,145,187,177,199,210,70,,,,,,
1405,2005,-0.044743568,2,12,24,NA,11,2,6,20,13,11,38,49,57,58,58,55,71,67,88,85,,,,,,
1408,2005,-0.05128832,17,1,23,18,6,9,6,30,7,42,53,71,43,34,60,44,44,72,44,59,,,,,,
1430,2016,0.037629002,NA,NA,NA,11,NA,31,1,7,8,2,35,22,33,12,NA,23,16,47,52,27,,,,,,
1431,2015,-0.225614801,10,26,NA,NA,NA,NA,NA,1,41,99,57,25,3,108,77,49,76,87,100,99,,,,,,
1433,2006,-0.042438177,NA,NA,NA,NA,NA,82,7,17,67,149,1,54,48,53,14,53,59,113,118,158,,,,,,
1437,2012,0.056956331,NA,NA,36,35,NA,12,NA,NA,56,3,NA,15,6,16,7,7,12,38,59,47,,,,,,
1440,2015,-0.136197347,NA,36,NA,NA,NA,7,12,31,5,22,55,21,33,28,10,70,44,95,71,66,,,,,,
1449,2011,0.102311327,10,5,NA,49,5,4,11,35,14,14,22,15,50,48,46,84,94,100,71,71,,,,,,
1451,2011,-0.059329455,83,105,120,115,84,123,119,131,123,128,140,135,149,162,161,185,176,189,179,172,,,,,,
1452,2017,0.068665424,86,69,69,79,83,109,130,127,137,147,149,162,165,190,190,204,207,220,210,199,,,,,,
1459,2009,0.103609278,129,158,170,190,192,192,165,180,165,169,167,164,190,189,215,218,213,220,221,210,,,,,,
1463,2004,-0.140164034,11,11,2,7,NA,3,13,5,NA,NA,13,22,9,26,52,62,64,91,106,133,,,,,,
1466,2013,0.129553986,11,28,21,56,39,11,NA,30,30,24,46,4,33,66,23,88,81,64,79,76,,,,,,
1467,2004,-0.043621861,13,56,12,58,105,87,73,172,163,146,175,220,274,287,333,378,342,373,351,332,,,,,,
1468,2007,0.026170464,14,NA,18,11,3,NA,13,26,3,27,4,24,NA,21,26,45,23,32,64,12,,,,,,
1469,2006,-0.087155087,49,22,NA,77,25,40,30,4,42,44,31,19,40,70,75,88,79,87,93,54,,,,,,
1470,2014,0.007278393,NA,NA,31,NA,8,20,25,12,8,42,29,47,1,18,51,57,61,75,61,38,,,,,,
1474,2004,-0.031826944,48,45,38,56,66,40,76,22,10,37,52,99,102,78,73,102,86,126,130,83,,,,,,
1475,2004,-0.064004901,26,61,71,96,67,63,114,123,121,100,55,109,102,63,75,112,118,128,128,63,,,,,,
1481,2012,0.181746489,46,19,31,NA,44,2,45,NA,NA,16,NA,2,46,11,47,8,19,26,34,1,,,,,,
1482,2008,0.043607104,27,23,23,29,16,29,17,14,39,8,8,13,10,28,18,14,55,66,64,34,,,,,,
1483,2006,0.045617984,25,5,19,1,NA,29,20,8,12,36,14,7,14,1,27,30,21,54,48,NA,,,,,,
1487,2009,0.091763081,136,87,60,122,83,112,137,110,101,116,136,126,138,155,132,137,160,171,152,131,,,,,,
1488,2009,0.076831019,NA,NA,13,NA,20,26,16,14,2,10,2,NA,23,13,2,5,40,1,34,38,,,,,,
1491,2017,-0.141972634,18,47,17,25,36,33,32,45,45,49,54,50,55,53,46,53,64,59,66,70,,,,,,
1497,2009,-0.038641402,109,118,121,144,102,74,146,117,115,105,96,159,166,157,151,150,191,147,152,117,,,,,,
1498,2014,0.129014353,72,85,89,11,24,87,68,NA,61,158,60,116,109,107,160,163,191,228,246,202,,,,,,
1499,2009,0.081615898,148,175,208,168,135,129,195,204,163,211,228,221,217,215,225,248,224,242,244,249,,,,,,
1506,2005,-0.095991017,55,54,97,105,111,27,75,70,41,13,40,43,34,76,11,140,145,137,160,194,,,,,,
1513,2014,0.041832387,5,NA,3,18,1,11,6,NA,32,57,6,8,NA,19,17,19,9,56,110,112,,,,,,
1521,2014,0.055000923,NA,NA,13,NA,NA,5,20,15,39,NA,3,NA,12,10,3,3,2,10,17,19,,,,,,
1523,2009,0.052962396,91,76,52,94,97,84,93,74,101,86,102,70,136,113,130,117,146,124,140,112,,,,,,
1525,2014,-0.057424663,65,6,46,30,45,23,56,36,43,37,39,26,20,35,44,19,74,42,85,37,,,,,,
1532,2005,-0.061266632,34,29,35,80,25,60,109,40,2,24,9,32,98,48,97,71,95,104,113,105,,,,,,
1545,2010,0.028859788,NA,NA,NA,24,29,42,38,29,27,1,7,10,9,33,25,36,44,30,62,49,,,,,,
1545,2011,0.028859788,NA,NA,NA,24,29,42,38,29,27,1,7,10,9,33,25,36,44,30,62,49,,,,,,
1551,2014,0.058742024,NA,33,14,13,14,16,14,14,20,NA,28,13,13,14,18,NA,38,13,21,NA,,,,,,
1552,2011,-0.067901125,NA,NA,11,4,14,13,4,5,13,NA,4,12,3,8,14,9,3,12,33,5,,,,,,
1557,2015,0.165941547,NA,NA,5,5,9,5,4,11,27,NA,9,8,NA,10,32,29,37,53,65,47,,,,,,
1575,2008,0.024426555,NA,NA,NA,NA,10,14,1,1,5,17,14,NA,12,44,39,39,25,32,20,27,,,,,,
1577,2008,0.064434633,NA,NA,NA,NA,3,NA,NA,3,17,9,11,17,30,41,37,45,48,43,41,13,,,,,,
1586,2011,0.046987889,24,6,NA,78,NA,9,8,3,NA,60,31,53,36,19,57,86,105,110,172,121,,,,,,
1592,2012,0.033761975,3,4,32,27,43,28,1,13,8,70,79,114,174,172,149,166,189,221,206,208,,,,,,
1593,2016,0.045910643,59,6,110,98,114,43,14,40,18,134,143,113,134,151,173,177,195,184,192,167,,,,,,
1595,2013,0.038295272,NA,15,1,35,3,7,7,1,63,27,27,12,32,31,34,98,89,82,72,63,,,,,,
1597,2009,0.070353379,NA,NA,NA,2,24,16,6,3,9,17,9,44,21,28,45,13,20,45,60,90,,,,,,
1599,2004,-0.067676442,174,197,176,120,176,155,200,207,210,214,199,198,220,254,270,328,360,355,355,308,,,,,,
1600,2012,-0.038869625,NA,NA,6,9,3,1,1,19,49,37,57,64,61,41,85,103,97,134,161,118,,,,,,
1601,2007,-0.05336038,6,4,13,7,6,42,27,21,8,8,16,2,41,35,27,107,68,46,76,73,,,,,,
1604,2005,-0.079044935,71,103,131,101,65,82,55,77,23,85,78,97,97,92,89,130,154,156,162,159,,,,,,
1607,2006,-0.091921256,NA,5,3,NA,NA,5,NA,26,51,30,73,23,42,23,98,120,135,104,96,129,,,,,,
1613,2004,-0.029409459,NA,NA,15,44,NA,41,13,NA,33,8,NA,24,1,52,55,37,61,48,41,59,,,,,,
1614,2010,0.062529531,62,57,30,15,10,NA,32,1,20,29,33,62,70,46,70,75,80,76,64,64,,,,,,
1617,2012,0.042990928,14,8,1,19,12,23,44,62,62,80,106,102,92,100,117,126,117,109,98,115,,,,,,
1619,2010,0.051755503,NA,NA,NA,NA,33,18,10,81,43,80,112,106,7,71,37,60,26,91,113,96,,,,,,
1625,2011,-0.048102326,19,39,37,40,71,71,47,56,63,90,78,113,79,95,109,121,122,94,115,106,,,,,,
1627,2012,0.030452185,70,66,80,76,77,81,77,82,80,87,92,89,100,84,95,97,116,114,111,102,,,,,,
1631,2008,-0.060608866,NA,NA,NA,NA,22,53,34,19,23,9,10,30,2,13,7,18,16,24,10,62,,,,,,
1634,2004,-0.102280186,85,145,263,164,219,231,224,199,275,296,307,240,280,345,321,353,319,412,358,245,,,,,,
1638,2014,-0.036775931,61,74,134,151,161,72,156,92,198,210,232,193,218,231,250,237,267,299,256,231,,,,,,
1640,2006,0.042596196,NA,47,88,76,75,4,63,36,105,94,85,1,72,127,150,63,89,263,88,16,,,,,,
1646,2012,0.044978644,22,68,19,54,37,25,48,71,138,112,75,94,204,190,180,131,173,190,202,209,,,,,,
1657,2008,0.013124327,104,93,115,144,65,105,182,73,85,84,105,122,139,134,112,148,113,152,148,150,,,,,,
1660,2008,0.04479805,NA,NA,10,92,NA,NA,NA,30,2,1,10,86,47,103,77,140,123,119,148,88,,,,,,
1668,2015,0.037336081,NA,NA,NA,1,10,1,NA,54,NA,227,16,2,2,9,128,207,113,45,6,15,,,,,,
1669,2014,-0.040375619,47,69,111,130,76,107,38,185,61,180,67,152,122,248,81,114,206,148,118,113,,,,,,
1673,2012,0.040929106,NA,NA,NA,NA,8,8,4,25,16,NA,8,34,20,21,2,19,33,44,66,72,,,,,,
1675,2014,-0.047305314,71,122,137,90,111,115,115,82,135,98,102,126,58,135,135,166,183,176,179,175,,,,,,
1676,2014,-0.105358378,18,15,26,22,62,32,25,26,20,18,29,33,25,27,85,72,65,53,78,80,,,,,,
1677,2009,0.040847635,36,49,62,51,42,69,73,86,72,54,67,65,68,62,59,73,134,147,148,147,,,,,,
1678,2012,0.043687607,44,1,20,31,25,6,80,67,39,39,32,16,49,69,51,54,69,57,77,77,,,,,,
1679,2008,-0.044709267,38,68,46,7,57,7,8,13,46,17,37,38,45,64,35,10,69,66,67,41,,,,,,
1681,2011,0.053561295,NA,14,15,12,18,23,5,35,6,3,9,17,14,12,NA,1,6,38,27,20,,,,,,
1683,2010,0.034033023,NA,5,2,6,NA,1,NA,16,7,8,12,16,12,19,NA,NA,1,32,5,5,,,,,,
1685,2008,-0.033420312,28,67,67,40,33,NA,28,32,22,59,90,67,57,76,55,11,73,122,165,163,,,,,,
1687,2004,-0.077726441,64,110,109,117,86,146,106,212,245,147,214,247,178,197,217,342,283,283,281,266,,,,,,
1707,2006,0.045366615,1,NA,23,11,4,46,73,NA,NA,28,NA,25,21,NA,37,36,10,24,13,13,,,,,,
1715,2013,0.010777461,61,46,39,63,98,104,81,87,87,98,105,103,70,114,99,116,117,106,111,98,,,,,,
1716,2009,0.032553587,31,NA,15,29,14,12,28,48,80,69,28,94,6,18,35,10,21,NA,2,105,,,,,,
1722,2015,0.079397359,57,4,8,NA,13,10,85,38,39,6,63,50,112,137,47,NA,28,25,40,70,,,,,,
1750,2011,0.039826793,118,91,136,131,138,107,152,181,161,134,118,168,121,139,127,162,155,164,166,162,,,,,,
1761,2013,0.036168063,54,4,NA,1,7,7,4,NA,32,1,14,1,64,65,63,74,57,82,110,93,,,,,,
1765,2015,0.067163174,8,68,70,27,104,21,33,5,32,30,42,54,44,51,7,88,109,98,61,114,,,,,,
1769,2012,0.082090619,NA,31,NA,6,5,NA,3,2,NA,8,10,7,18,38,62,83,84,96,88,79,,,,,,
1770,2007,-0.036950107,NA,NA,NA,7,43,1,1,13,8,20,33,64,46,46,44,78,115,127,55,79,,,,,,
1773,2007,-0.157305509,24,62,38,64,33,26,20,22,57,57,89,75,83,91,99,120,117,116,117,94,,,,,,
1775,2016,0.057351153,112,120,98,48,104,112,53,64,NA,20,48,68,34,71,50,119,122,121,138,122,,,,,,
1776,2008,0.050585487,136,165,142,189,148,191,164,194,187,209,206,214,224,219,240,268,257,247,240,235,,,,,,
1781,2004,-0.088576616,114,133,80,222,104,92,77,53,44,76,155,116,102,138,168,188,253,223,213,174,,,,,,
1785,2007,-0.049552931,NA,75,40,NA,NA,9,38,11,10,17,23,54,4,56,85,101,45,138,141,179,,,,,,
1789,2008,0.041181194,8,1,15,NA,2,10,NA,7,NA,36,33,27,25,30,26,43,50,60,58,68,,,,,,
1797,2013,0.062961247,NA,5,16,11,36,1,4,16,27,82,106,43,85,118,131,148,150,167,121,147,,,,,,
1801,2005,0.073302779,2,17,12,3,4,19,22,30,21,17,29,37,34,31,57,47,52,44,59,44,,,,,,
1802,2006,0.139819153,8,8,6,4,1,15,29,18,13,27,38,22,27,33,40,36,47,42,36,41,,,,,,
1806,2016,0.082418723,17,NA,NA,NA,1,NA,4,5,5,6,18,11,4,23,24,6,17,22,20,14,,,,,,
1809,2006,0.036819792,65,81,78,118,67,79,60,85,69,109,111,113,105,120,118,126,129,125,121,147,,,,,,
1810,2004,0.030578874,63,86,87,88,92,51,20,45,40,45,63,74,90,81,81,101,121,135,160,158,,,,,,
1811,2016,0.03182264,NA,NA,NA,26,NA,3,1,58,23,73,10,22,66,53,35,81,73,90,86,54,,,,,,
1816,2008,0.102203594,16,31,25,54,99,99,99,95,112,105,68,75,88,125,118,128,141,158,147,154,,,,,,
1817,2011,0.065070342,12,28,3,8,7,NA,2,3,NA,7,13,6,8,49,12,44,4,33,17,66,,,,,,
1819,2010,0.045957149,7,6,NA,14,18,NA,NA,3,20,40,33,6,11,8,16,21,38,71,34,37,,,,,,
1822,2014,-0.015666403,7,100,136,113,131,106,61,42,71,86,25,53,60,25,42,110,106,126,154,141,,,,,,
1823,2010,0.050017786,54,31,77,70,67,86,82,48,46,89,13,137,104,132,179,158,171,165,155,159,,,,,,
1827,2012,0.05741021,61,109,61,116,158,172,148,136,165,152,157,133,141,143,165,205,185,202,181,215,,,,,,
1831,2009,0.084751217,3,10,NA,69,6,10,16,9,17,7,NA,20,18,11,10,30,36,45,48,21,,,,,,
1832,2014,0.032478425,NA,49,69,19,8,19,20,27,18,73,98,104,124,148,149,170,161,163,179,148,,,,,,
1834,2006,-0.088570383,NA,NA,NA,NA,9,3,5,21,8,8,20,11,25,11,7,16,28,26,25,27,,,,,,
1836,2014,0.030448012,NA,67,NA,2,2,4,23,10,NA,15,2,4,4,16,33,26,47,49,24,43,,,,,,
1837,2009,0.037815103,27,NA,18,2,3,7,8,12,15,37,22,37,45,27,23,20,22,12,44,37,,,,,,
1838,2013,0.039192132,NA,2,35,19,1,NA,1,14,9,10,37,29,34,41,8,53,67,67,65,102,,,,,,
1861,2005,-0.059307565,NA,NA,16,NA,NA,80,69,79,NA,45,1,1,5,NA,4,63,23,90,6,35,,,,,,
1866,2013,0.01400541,26,15,19,1,14,19,15,9,NA,46,8,4,54,19,53,97,72,113,114,150,,,,,,
1888,2012,0.033684785,122,113,115,136,126,120,135,126,123,135,132,148,140,141,139,164,170,175,174,150,,,,,,
1891,2014,0.023485438,NA,NA,NA,NA,NA,4,4,49,22,16,1,NA,32,53,56,51,36,12,82,15,,,,,,
1892,2015,0.045475951,NA,NA,NA,1,46,44,NA,8,1,6,3,NA,6,4,84,41,1,37,80,12,,,,,,
1900,2011,0.033689584,23,NA,65,47,NA,NA,NA,1,NA,6,6,2,90,10,117,53,128,123,147,20,,,,,,
1901,2017,-0.083258277,56,82,99,128,134,156,155,146,137,117,167,187,217,213,210,218,225,234,217,240,,,,,,
1912,2010,0.036428725,NA,22,17,13,10,8,7,4,10,2,13,27,42,16,19,62,51,73,100,93,,,,,,
1913,2008,-0.02604493,16,38,13,16,19,14,10,17,12,11,44,18,10,32,3,38,58,26,77,63,,,,,,
1914,2010,-0.032819454,35,33,24,21,35,12,12,5,17,19,16,38,22,39,3,6,47,30,49,17,,,,,,
1915,2005,0.033779261,45,72,32,10,64,29,55,35,20,18,14,29,15,14,35,41,75,59,4,19,,,,,,
1917,2010,-0.033572659,78,104,80,47,86,98,132,125,139,106,133,122,156,140,160,175,187,192,204,197,,,,,,
1918,2004,0.13637639,35,37,59,80,51,124,119,46,100,140,87,122,185,154,129,224,294,298,283,283,,,,,,
1921,2011,0.077328094,NA,NA,8,11,9,2,8,3,30,5,2,12,22,51,64,93,99,101,95,85,,,,,,
1923,2012,0.017333956,1,7,23,12,36,22,20,3,4,12,NA,25,39,7,15,23,15,67,50,58,,,,,,
1924,2007,0.050187394,NA,8,36,8,56,16,48,11,54,61,13,39,9,59,117,132,112,110,131,98,,,,,,
1930,2011,-0.04225254,6,14,34,7,47,43,84,107,81,90,92,78,105,149,166,177,163,145,149,166,,,,,,
1932,2017,0.031838811,4,NA,NA,NA,NA,10,15,4,3,10,7,18,41,54,67,36,34,65,86,72,,,,,,
1935,2014,-0.043281234,NA,1,NA,82,14,NA,5,29,NA,23,14,31,20,44,5,54,111,99,116,105,,,,,,
1938,2012,0.073708799,NA,8,40,13,18,NA,NA,2,1,NA,17,19,4,24,39,64,28,17,12,15,,,,,,
1943,2011,0.072275306,NA,NA,48,NA,31,NA,39,26,8,16,7,29,NA,4,52,3,14,19,91,NA,,,,,,
1951,2005,-0.075180909,31,NA,NA,NA,NA,12,3,6,19,40,24,10,14,48,30,23,35,28,38,42,,,,,,
1952,2010,-0.05609501,16,NA,1,NA,5,2,1,13,57,64,99,62,127,103,92,124,129,102,107,87,,,,,,
1957,2012,0.065591271,2,NA,19,13,11,12,16,11,11,7,8,13,19,12,14,6,28,15,5,18,,,,,,
1962,2004,-0.046415715,59,2,15,28,61,26,10,71,51,NA,39,85,89,56,53,46,123,84,152,63,,,,,,
1965,2012,0.079876733,5,7,11,3,1,33,37,11,40,3,22,5,3,2,NA,4,NA,1,1,NA,,,,,,
1966,2017,0.090930062,53,17,27,48,47,47,36,48,55,40,41,38,28,49,54,35,22,46,38,56,,,,,,
1968,2014,0.077760994,14,4,19,21,16,14,30,26,31,24,35,36,32,24,25,28,31,33,35,16,,,,,,
1969,2011,0.037639771,44,38,28,57,82,40,117,86,92,101,136,105,119,160,160,170,164,166,163,165,,,,,,
1970,2013,0.035903867,3,NA,22,47,86,74,72,85,83,68,92,59,76,84,128,144,129,146,144,149,,,,,,
1973,2004,-0.398579309,11,9,NA,6,2,13,6,1,55,31,114,100,55,75,108,97,105,143,129,106,,,,,,
1985,2011,0.046363919,4,NA,9,20,24,42,28,13,37,87,77,72,71,65,66,132,111,139,141,98,,,,,,
1995,2004,0.053320445,50,8,36,39,41,39,57,61,2,52,44,34,76,42,104,100,121,126,134,135,,,,,,
1996,2004,-0.10934297,60,42,14,48,73,9,96,68,90,91,112,98,110,125,147,145,146,148,177,126,,,,,,
2022,2009,0.043349207,NA,1,2,5,71,16,38,2,3,10,4,19,20,43,14,33,157,149,89,17,,,,,,
2023,2004,0.05850513,49,NA,54,39,64,49,16,59,24,64,34,67,54,80,79,112,96,106,113,97,,,,,,
2025,2013,0.044046186,32,13,1,NA,2,13,22,10,NA,NA,9,4,4,1,24,47,41,29,134,165,,,,,,
2027,2011,0.036331397,4,NA,NA,NA,21,NA,1,7,NA,7,102,118,38,22,66,113,114,99,115,137,,,,,,
2029,2012,-0.05823047,NA,1,19,2,7,NA,8,11,6,11,45,50,54,36,45,58,69,37,51,26,,,,,,
2030,2017,-0.086635402,101,82,93,87,82,113,118,96,110,104,117,120,117,121,127,140,141,139,141,136,,,,,,
2031,2007,-0.129106373,59,82,119,126,81,98,96,40,95,63,129,136,158,209,192,224,211,184,205,219,,,,,,
2037,2017,-0.123896672,62,38,63,59,71,90,93,52,77,58,67,87,66,66,87,111,131,120,113,138,,,,,,
2038,2012,0.035800723,9,9,NA,2,5,4,48,7,2,2,8,15,46,44,28,69,52,66,73,82,,,,,,
2040,2012,0.018198826,NA,13,38,60,56,40,36,1,24,NA,37,44,63,73,73,39,24,68,79,47,,,,,,
2042,2009,0.063840698,116,120,141,152,152,138,124,116,134,160,159,167,159,186,177,198,209,208,211,213,,,,,,
2044,2012,0.024927491,NA,13,3,16,19,24,NA,32,30,4,3,16,9,36,67,64,28,54,19,68,,,,,,
2061,2012,0.029168017,NA,NA,NA,8,39,72,34,52,64,3,33,12,10,68,53,81,82,82,76,86,,,,,,
2063,2013,0.06729724,2,1,NA,NA,NA,5,12,NA,5,10,1,NA,4,19,11,1,32,12,7,42,,,,,,
2065,2012,0.043657911,NA,1,1,2,2,10,1,NA,1,NA,1,2,1,7,3,1,13,3,22,16,,,,,,
2066,2008,0.053641386,NA,NA,1,2,2,1,3,3,31,36,41,32,28,67,3,39,50,9,29,28,,,,,,
2069,2009,0.033138001,36,51,22,14,14,15,24,7,29,21,9,22,14,46,35,64,96,124,77,109,,,,,,
2070,2004,-0.033620035,50,72,85,78,81,85,91,77,82,85,78,84,92,96,102,123,106,119,112,94,,,,,,
2084,2004,-0.102211793,76,65,76,106,78,87,92,107,101,77,112,111,79,109,110,134,114,103,129,113,,,,,,
2086,2005,-0.089855982,NA,NA,NA,NA,52,43,NA,1,62,92,3,NA,43,50,99,89,113,82,103,123,,,,,,
2089,2011,0.029888957,NA,9,66,NA,NA,NA,1,46,43,17,27,51,35,59,71,82,71,71,78,59,,,,,,
2090,2010,0.051809835,23,2,49,32,20,19,34,1,23,62,72,73,64,20,70,82,95,102,102,107,,,,,,
2091,2008,0.027783659,NA,11,8,5,1,NA,1,4,6,2,NA,5,12,7,2,20,37,77,112,115,,,,,,
2097,2010,0.019432348,223,224,242,245,255,254,259,269,254,254,284,290,285,297,301,296,324,327,323,336,,,,,,
2099,2014,0.038303031,5,NA,NA,NA,4,NA,NA,19,NA,3,19,42,39,34,36,52,47,46,56,47,,,,,,
2105,2011,-0.09935801,29,53,NA,NA,62,20,57,23,43,89,149,112,25,84,22,62,48,50,121,152,,,,,,
2106,2010,-0.046525,31,33,NA,87,85,49,NA,NA,10,10,165,71,116,88,119,261,274,220,267,171,,,,,,
2109,2012,0.042498536,1,4,6,NA,NA,NA,29,9,43,78,98,60,85,75,122,89,139,102,154,97,,,,,,
2125,2016,0.046519678,62,50,47,78,103,108,106,95,117,91,77,67,69,92,88,83,71,72,56,43,,,,,,
2129,2005,-0.183615364,2,4,NA,31,3,NA,10,11,1,NA,26,31,37,32,39,36,45,47,35,31,,,,,,
2134,2015,0.084955383,NA,12,10,3,24,4,9,NA,7,21,46,11,33,9,33,87,57,60,78,90,,,,,,
2142,2015,0.019406416,34,14,21,43,65,135,125,141,127,103,112,104,95,94,105,98,109,117,98,82,,,,,,
2144,2011,0.039231881,8,33,NA,42,17,NA,3,50,49,35,49,42,58,35,62,43,38,31,72,63,,,,,,
2145,2008,0.043085665,15,16,1,76,9,31,3,20,21,70,20,35,50,27,6,16,41,36,26,21,,,,,,
2154,2006,-0.049441081,4,10,21,12,NA,42,34,66,83,67,51,9,67,103,80,114,126,121,136,98,,,,,,
2164,2011,-0.047615318,NA,1,2,4,3,8,3,6,13,19,14,18,29,18,22,25,40,61,47,26,,,,,,
2165,2013,-0.041712918,1,NA,1,1,NA,NA,NA,56,39,5,26,15,63,12,9,17,27,51,39,38,,,,,,
2166,2006,0.073146937,142,126,152,153,156,152,166,166,171,176,181,187,192,193,194,191,180,200,194,193,,,,,,
2167,2015,-0.078188797,2,25,31,8,6,NA,27,51,17,30,49,40,31,36,35,29,42,48,31,68,,,,,,
2168,2014,0.035483953,6,7,4,2,8,17,24,28,20,10,14,7,18,16,17,35,38,36,29,52,,,,,,
2171,2015,-0.087237237,3,19,14,16,21,38,34,21,39,22,39,18,33,38,34,37,56,43,34,32,,,,,,
2173,2017,-0.081354396,19,18,15,18,10,24,11,10,7,2,44,31,12,20,24,26,39,29,66,37,,,,,,
2175,2009,0.033650843,6,5,7,3,4,16,18,20,35,14,2,15,19,26,27,26,39,18,23,25,,,,,,
2176,2006,-0.052035526,8,11,6,8,5,20,23,6,49,34,22,36,22,20,NA,9,2,NA,4,NA,,,,,,
2180,2004,0.078392749,20,2,7,19,7,50,67,25,48,22,6,NA,4,1,8,12,10,4,20,27,,,,,,
2181,2013,-0.064175591,107,120,107,129,130,120,138,150,143,134,142,143,141,145,134,138,126,136,126,138,,,,,,
2193,2005,0.059852268,NA,65,2,193,168,211,94,258,160,189,233,188,198,228,274,260,280,300,314,159,,,,,,
2194,2004,-0.079973401,30,31,49,29,23,31,43,40,41,28,49,40,41,37,49,54,53,50,47,43,,,,,,
2198,2009,-0.043667916,1,55,NA,2,NA,3,NA,NA,88,NA,7,NA,3,82,87,56,1,85,132,69,,,,,,
2200,2008,-0.043830725,36,13,12,40,12,33,65,56,64,99,83,115,112,122,150,167,161,164,160,159,,,,,,
2202,2011,0.034763209,14,NA,17,8,5,NA,NA,NA,27,14,19,15,13,19,26,26,97,81,46,78,,,,,,
2207,2011,0.028637508,NA,5,25,63,6,35,74,105,111,94,80,98,57,73,126,124,146,127,165,89,,,,,,
2210,2007,0.071247091,57,35,24,9,3,9,43,22,10,44,32,43,70,73,90,110,93,85,101,100,,,,,,
2212,2009,-0.09361999,NA,NA,81,NA,NA,60,77,NA,8,24,13,28,4,4,39,75,165,153,151,170,,,,,,
2213,2011,0.036481703,87,42,66,107,84,78,106,123,93,152,138,146,152,160,147,162,191,203,207,215,,,,,,
2214,2007,0.078415127,57,34,94,76,88,20,98,26,108,78,158,88,103,115,95,97,125,134,139,156,,,,,,
2218,2015,0.059741945,25,15,1,13,37,30,47,20,52,24,28,71,44,88,82,125,99,112,132,138,,,,,,
2219,2012,-0.155558733,61,98,91,99,116,109,126,130,116,131,124,131,139,154,164,175,193,165,180,161,,,,,,
2236,2008,0.050753549,63,10,34,71,76,80,85,71,106,57,84,95,91,101,66,108,125,116,175,173,,,,,,
2243,2011,0.055208209,169,159,168,131,177,198,193,165,176,188,177,200,215,223,226,246,247,242,232,247,,,,,,
2255,2015,-0.136901483,NA,NA,34,2,55,2,13,21,3,2,43,28,89,129,121,111,85,86,122,168,,,,,,
2257,2007,-0.038284255,114,67,66,31,9,49,60,44,126,93,167,158,193,166,190,203,260,232,208,282,,,,,,
2260,2011,-0.046152098,1,4,12,44,50,62,68,85,95,85,108,92,96,93,77,75,69,82,69,88,,,,,,
2264,2006,-0.034458586,NA,1,13,NA,3,35,40,33,56,48,13,56,16,71,64,104,66,105,94,64,,,,,,
2265,2015,-0.094099281,191,197,199,201,202,200,205,196,200,186,196,198,201,197,208,199,201,203,198,196,,,,,,
2283,2010,0.033014101,37,31,49,17,76,75,25,38,54,38,40,49,36,57,58,123,143,138,136,91,,,,,,
2284,2013,0.039797499,NA,NA,NA,NA,1,1,2,4,NA,19,7,7,6,9,10,12,32,30,9,5,,,,,,
2289,2013,-0.057398881,77,2,63,81,64,87,88,104,61,88,92,114,92,87,104,92,104,101,92,7,,,,,,
2291,2010,-0.071791349,NA,NA,NA,NA,NA,NA,40,5,2,11,50,13,18,66,90,63,70,107,98,118,,,,,,
2295,2014,-0.073326104,31,NA,NA,NA,NA,2,101,2,NA,150,51,59,2,258,221,NA,95,231,112,28,,,,,,
2296,2004,-0.064989538,51,91,133,100,39,121,123,75,155,132,81,140,142,116,318,295,236,172,208,117,,,,,,
2307,2014,0.116382784,33,2,69,NA,NA,7,19,NA,NA,98,67,19,30,93,52,85,76,39,47,98,,,,,,
2310,2004,-0.055115413,1,61,15,1,50,3,49,11,36,52,73,85,164,111,296,301,277,322,298,305,,,,,,
2311,2012,0.038779215,8,10,38,50,23,33,15,24,88,2,66,90,35,41,27,50,69,116,109,100,,,,,,
2320,2005,0.035634234,13,62,50,60,17,33,40,23,68,NA,37,20,4,54,31,6,48,86,106,95,,,,,,
2321,2008,0.029549792,3,15,3,NA,16,35,114,58,73,94,105,146,126,86,141,156,158,185,175,192,,,,,,
2322,2013,0.038411571,NA,1,NA,5,13,2,16,1,13,5,11,1,7,1,34,40,44,26,59,94,,,,,,
2328,2015,0.080301721,1,NA,NA,1,NA,NA,7,NA,2,16,34,21,1,1,107,173,133,75,111,NA,,,,,,
2330,2010,0.012326559,NA,NA,NA,10,6,3,20,21,17,32,17,22,25,85,37,45,57,67,81,113,,,,,,
2332,2013,-0.073253389,264,368,362,338,446,329,392,388,472,422,389,477,432,465,445,489,466,483,524,451,,,,,,
2335,2004,-0.050117277,40,36,147,90,117,79,370,84,306,202,149,231,335,227,447,397,513,447,500,437,,,,,,
2336,2014,-0.06686545,23,23,1,33,20,161,59,56,8,78,32,NA,64,205,129,181,178,256,303,227,,,,,,
2337,2004,0.064453913,3,3,NA,4,1,118,9,63,28,244,128,97,171,200,166,231,236,256,227,177,,,,,,
2338,2005,0.041959794,1,2,1,1,1,NA,4,20,26,3,38,23,14,72,96,88,129,129,126,154,,,,,,
2344,2007,0.034728581,110,99,72,89,59,92,72,46,102,79,86,114,91,126,111,135,103,137,154,141,,,,,,
2345,2008,0.032472674,22,25,32,57,37,75,82,79,75,97,98,121,125,140,144,160,159,162,163,158,,,,,,
2356,2015,0.114913726,41,30,NA,34,25,157,21,65,57,8,75,140,129,144,105,135,145,158,150,165,,,,,,
2360,2014,0.088023911,NA,19,NA,NA,26,49,47,14,21,23,32,43,12,64,50,48,54,80,73,71,,,,,,
2366,2004,-0.033895606,NA,29,88,113,103,17,4,72,92,NA,12,NA,41,NA,1,2,31,122,NA,NA,,,,,,
2367,2008,0.0201481,NA,103,177,190,111,NA,18,38,23,69,52,8,69,8,26,NA,NA,76,43,13,,,,,,
2368,2009,0.013175455,NA,NA,4,NA,NA,8,33,NA,3,4,7,16,7,2,3,3,NA,11,12,6,,,,,,
2370,2007,-0.048967765,NA,NA,1,11,4,3,8,73,66,120,92,121,161,192,204,208,196,215,243,217,,,,,,
2371,2007,0.01881373,51,3,3,9,7,45,46,33,33,36,44,35,44,30,46,47,46,58,41,20,,,,,,
2373,2015,-0.028155878,90,54,27,88,61,77,104,81,50,99,86,121,78,133,83,103,98,103,119,113,,,,,,
2374,2008,0.028966149,13,36,7,1,97,59,30,40,36,67,32,16,64,85,79,90,75,68,68,1,,,,,,
2375,2008,0.033923512,14,9,NA,NA,14,14,13,39,1,20,NA,19,10,8,6,59,37,53,27,NA,,,,,,
2382,2004,0.006333684,NA,NA,NA,53,3,5,10,26,12,65,31,74,35,1,29,21,72,49,22,55,,,,,,
2385,2017,0.04095176,1,NA,49,NA,4,1,5,16,46,49,NA,79,2,7,57,83,64,51,91,53,,,,,,
2386,2007,0.027383125,NA,7,NA,9,37,55,39,46,44,40,26,31,41,59,65,66,53,48,48,51,,,,,,
2402,2017,-0.040965692,87,100,122,109,124,135,148,137,138,169,182,201,196,203,198,217,220,227,229,233,,,,,,
2404,2006,-0.117649591,67,87,80,76,49,42,69,63,51,58,78,84,86,99,150,134,131,169,173,178,,,,,,
2405,2010,0.032868701,1,4,1,NA,1,NA,NA,5,1,20,62,29,58,132,157,143,163,147,148,134,,,,,,
2406,2010,-0.011690177,43,22,36,81,78,56,14,23,NA,76,1,62,51,84,102,89,97,90,92,52,,,,,,
2417,2017,-0.074138618,36,10,20,83,86,156,181,173,181,168,168,183,169,183,178,166,160,179,168,193,,,,,,
2432,2011,0.046549862,1,25,NA,4,NA,NA,NA,2,26,33,46,45,52,54,54,55,54,57,59,56,,,,,,
2433,2005,-0.031238107,NA,NA,41,NA,NA,68,40,35,10,NA,38,30,74,NA,70,64,8,48,82,64,,,,,,
2437,2017,0.053713886,25,31,19,3,NA,3,8,111,56,62,32,56,39,187,191,167,164,202,214,202,,,,,,
2443,2011,0.044499824,27,NA,10,44,2,10,15,13,4,19,39,58,63,72,63,70,82,119,110,17,,,,,,
2453,2011,0.048582222,36,54,29,29,46,35,52,70,45,36,31,11,23,17,10,65,63,90,95,84,,,,,,
2457,2014,0.035688118,111,160,192,175,156,131,136,154,148,179,197,210,215,212,231,227,233,249,253,249,,,,,,
2460,2011,0.036106408,2,29,20,51,6,52,15,18,10,17,99,119,19,72,36,69,74,112,146,131,,,,,,
2462,2013,0.029080333,NA,1,NA,3,2,17,26,9,13,22,13,NA,1,25,41,6,73,83,51,54,,,,,,
2466,2014,-0.044237989,26,19,7,16,20,13,31,42,13,52,32,54,77,59,75,128,69,100,86,138,,,,,,
2467,2013,-0.031074359,NA,NA,NA,NA,76,1,NA,34,72,19,25,54,16,1,84,115,88,92,84,70,,,,,,
2468,2006,0.072770452,5,16,21,69,59,18,24,42,81,46,112,105,96,108,143,190,214,225,238,242,,,,,,
2469,2016,-0.107925846,NA,NA,NA,29,28,22,NA,NA,NA,13,4,7,36,46,44,82,63,95,133,173,,,,,,
2477,2006,0.046210443,63,38,39,46,40,48,75,14,26,56,77,48,57,75,82,123,96,100,90,78,,,,,,
2481,2009,0.059429778,27,NA,NA,53,NA,48,3,6,27,18,33,94,87,129,139,171,175,167,182,173,,,,,,
2490,2013,0.058527861,NA,NA,NA,11,11,40,1,9,1,32,131,94,135,132,158,166,192,201,188,177,,,,,,
2497,2010,-0.067098621,22,5,32,3,4,25,10,21,NA,12,20,46,55,79,87,70,86,80,106,108,,,,,,
2498,2009,-0.123089815,NA,NA,NA,NA,2,NA,15,40,12,8,14,27,32,28,54,28,21,NA,18,14,,,,,,
2500,2004,-0.033789038,45,NA,18,62,15,NA,94,114,45,88,76,49,78,87,90,103,128,131,127,110,,,,,,
2502,2012,0.083885451,NA,NA,NA,NA,NA,5,20,62,76,99,111,92,159,129,132,149,177,221,236,211,,,,,,
2506,2004,0.101724749,NA,NA,NA,4,1,39,NA,6,NA,27,7,59,30,104,74,112,112,120,122,63,,,,,,
2525,2004,0.05612105,17,15,10,10,13,4,29,5,37,32,43,33,38,46,41,62,51,55,57,61,,,,,,
2526,2013,-0.083545353,NA,NA,NA,NA,2,5,1,3,13,13,4,20,8,31,46,45,48,40,33,38,,,,,,
2527,2004,0.095626192,1,NA,3,1,9,3,9,NA,32,8,62,17,25,38,86,78,79,77,91,94,,,,,,
2528,2004,0.11633184,51,29,38,31,53,61,43,37,59,62,66,68,85,94,104,125,127,121,136,129,,,,,,
2529,2011,0.006908799,4,NA,NA,NA,25,27,NA,9,NA,6,50,69,16,65,81,67,62,85,86,10,,,,,,
2531,2011,0.037761857,144,76,83,71,88,58,50,23,99,97,111,137,136,116,109,152,151,145,168,182,,,,,,
